table_schema,table_name,column_name,ordinal_position,data_type,is_nullable,column_default
auth,audit_log_entries,instance_id,1,uuid,YES,null
auth,audit_log_entries,id,2,uuid,NO,null
auth,audit_log_entries,payload,3,json,YES,null
auth,audit_log_entries,created_at,4,timestamp with time zone,YES,null
auth,audit_log_entries,ip_address,5,character varying,NO,''::character varying
auth,flow_state,id,1,uuid,NO,null
auth,flow_state,user_id,2,uuid,YES,null
auth,flow_state,auth_code,3,text,NO,null
auth,flow_state,code_challenge_method,4,USER-DEFINED,NO,null
auth,flow_state,code_challenge,5,text,NO,null
auth,flow_state,provider_type,6,text,NO,null
auth,flow_state,provider_access_token,7,text,YES,null
auth,flow_state,provider_refresh_token,8,text,YES,null
auth,flow_state,created_at,9,timestamp with time zone,YES,null
auth,flow_state,updated_at,10,timestamp with time zone,YES,null
auth,flow_state,authentication_method,11,text,NO,null
auth,flow_state,auth_code_issued_at,12,timestamp with time zone,YES,null
auth,identities,provider_id,1,text,NO,null
auth,identities,user_id,2,uuid,NO,null
auth,identities,identity_data,3,jsonb,NO,null
auth,identities,provider,4,text,NO,null
auth,identities,last_sign_in_at,5,timestamp with time zone,YES,null
auth,identities,created_at,6,timestamp with time zone,YES,null
auth,identities,updated_at,7,timestamp with time zone,YES,null
auth,identities,email,8,text,YES,null
auth,identities,id,9,uuid,NO,gen_random_uuid()
auth,instances,id,1,uuid,NO,null
auth,instances,uuid,2,uuid,YES,null
auth,instances,raw_base_config,3,text,YES,null
auth,instances,created_at,4,timestamp with time zone,YES,null
auth,instances,updated_at,5,timestamp with time zone,YES,null
auth,mfa_amr_claims,session_id,1,uuid,NO,null
auth,mfa_amr_claims,created_at,2,timestamp with time zone,NO,null
auth,mfa_amr_claims,updated_at,3,timestamp with time zone,NO,null
auth,mfa_amr_claims,authentication_method,4,text,NO,null
auth,mfa_amr_claims,id,5,uuid,NO,null
auth,mfa_challenges,id,1,uuid,NO,null
auth,mfa_challenges,factor_id,2,uuid,NO,null
auth,mfa_challenges,created_at,3,timestamp with time zone,NO,null
auth,mfa_challenges,verified_at,4,timestamp with time zone,YES,null
auth,mfa_challenges,ip_address,5,inet,NO,null
auth,mfa_challenges,otp_code,6,text,YES,null
auth,mfa_challenges,web_authn_session_data,7,jsonb,YES,null
auth,mfa_factors,id,1,uuid,NO,null
auth,mfa_factors,user_id,2,uuid,NO,null
auth,mfa_factors,friendly_name,3,text,YES,null
auth,mfa_factors,factor_type,4,USER-DEFINED,NO,null
auth,mfa_factors,status,5,USER-DEFINED,NO,null
auth,mfa_factors,created_at,6,timestamp with time zone,NO,null
auth,mfa_factors,updated_at,7,timestamp with time zone,NO,null
auth,mfa_factors,secret,8,text,YES,null
auth,mfa_factors,phone,9,text,YES,null
auth,mfa_factors,last_challenged_at,10,timestamp with time zone,YES,null
auth,mfa_factors,web_authn_credential,11,jsonb,YES,null
auth,mfa_factors,web_authn_aaguid,12,uuid,YES,null
auth,mfa_factors,last_webauthn_challenge_data,13,jsonb,YES,null
auth,oauth_authorizations,id,1,uuid,NO,null
auth,oauth_authorizations,authorization_id,2,text,NO,null
auth,oauth_authorizations,client_id,3,uuid,NO,null
auth,oauth_authorizations,user_id,4,uuid,YES,null
auth,oauth_authorizations,redirect_uri,5,text,NO,null
auth,oauth_authorizations,scope,6,text,NO,null
auth,oauth_authorizations,state,7,text,YES,null
auth,oauth_authorizations,resource,8,text,YES,null
auth,oauth_authorizations,code_challenge,9,text,YES,null
auth,oauth_authorizations,code_challenge_method,10,USER-DEFINED,YES,null
auth,oauth_authorizations,response_type,11,USER-DEFINED,NO,'code'::auth.oauth_response_type
auth,oauth_authorizations,status,12,USER-DEFINED,NO,'pending'::auth.oauth_authorization_status
auth,oauth_authorizations,authorization_code,13,text,YES,null
auth,oauth_authorizations,created_at,14,timestamp with time zone,NO,now()
auth,oauth_authorizations,expires_at,15,timestamp with time zone,NO,(now() + '00:03:00'::interval)
auth,oauth_authorizations,approved_at,16,timestamp with time zone,YES,null
auth,oauth_authorizations,nonce,17,text,YES,null
auth,oauth_client_states,id,1,uuid,NO,null
auth,oauth_client_states,provider_type,2,text,NO,null
auth,oauth_client_states,code_verifier,3,text,YES,null
auth,oauth_client_states,created_at,4,timestamp with time zone,NO,null
auth,oauth_clients,id,1,uuid,NO,null
auth,oauth_clients,client_secret_hash,3,text,YES,null
auth,oauth_clients,registration_type,4,USER-DEFINED,NO,null
auth,oauth_clients,redirect_uris,5,text,NO,null
auth,oauth_clients,grant_types,6,text,NO,null
auth,oauth_clients,client_name,7,text,YES,null
auth,oauth_clients,client_uri,8,text,YES,null
auth,oauth_clients,logo_uri,9,text,YES,null
auth,oauth_clients,created_at,10,timestamp with time zone,NO,now()
auth,oauth_clients,updated_at,11,timestamp with time zone,NO,now()
auth,oauth_clients,deleted_at,12,timestamp with time zone,YES,null
auth,oauth_clients,client_type,13,USER-DEFINED,NO,'confidential'::auth.oauth_client_type
auth,oauth_consents,id,1,uuid,NO,null
auth,oauth_consents,user_id,2,uuid,NO,null
auth,oauth_consents,client_id,3,uuid,NO,null
auth,oauth_consents,scopes,4,text,NO,null
auth,oauth_consents,granted_at,5,timestamp with time zone,NO,now()
auth,oauth_consents,revoked_at,6,timestamp with time zone,YES,null
auth,one_time_tokens,id,1,uuid,NO,null
auth,one_time_tokens,user_id,2,uuid,NO,null
auth,one_time_tokens,token_type,3,USER-DEFINED,NO,null
auth,one_time_tokens,token_hash,4,text,NO,null
auth,one_time_tokens,relates_to,5,text,NO,null
auth,one_time_tokens,created_at,6,timestamp without time zone,NO,now()
auth,one_time_tokens,updated_at,7,timestamp without time zone,NO,now()
auth,refresh_tokens,instance_id,1,uuid,YES,null
auth,refresh_tokens,id,2,bigint,NO,nextval('auth.refresh_tokens_id_seq'::regclass)
auth,refresh_tokens,token,3,character varying,YES,null
auth,refresh_tokens,user_id,4,character varying,YES,null
auth,refresh_tokens,revoked,5,boolean,YES,null
auth,refresh_tokens,created_at,6,timestamp with time zone,YES,null
auth,refresh_tokens,updated_at,7,timestamp with time zone,YES,null
auth,refresh_tokens,parent,8,character varying,YES,null
auth,refresh_tokens,session_id,9,uuid,YES,null
auth,saml_providers,id,1,uuid,NO,null
auth,saml_providers,sso_provider_id,2,uuid,NO,null
auth,saml_providers,entity_id,3,text,NO,null
auth,saml_providers,metadata_xml,4,text,NO,null
auth,saml_providers,metadata_url,5,text,YES,null
auth,saml_providers,attribute_mapping,6,jsonb,YES,null
auth,saml_providers,created_at,7,timestamp with time zone,YES,null
auth,saml_providers,updated_at,8,timestamp with time zone,YES,null
auth,saml_providers,name_id_format,9,text,YES,null
auth,saml_relay_states,id,1,uuid,NO,null
auth,saml_relay_states,sso_provider_id,2,uuid,NO,null
auth,saml_relay_states,request_id,3,text,NO,null
auth,saml_relay_states,for_email,4,text,YES,null
auth,saml_relay_states,redirect_to,5,text,YES,null
auth,saml_relay_states,created_at,7,timestamp with time zone,YES,null
auth,saml_relay_states,updated_at,8,timestamp with time zone,YES,null
auth,saml_relay_states,flow_state_id,9,uuid,YES,null
auth,schema_migrations,version,1,character varying,NO,null
auth,sessions,id,1,uuid,NO,null
auth,sessions,user_id,2,uuid,NO,null
auth,sessions,created_at,3,timestamp with time zone,YES,null
auth,sessions,updated_at,4,timestamp with time zone,YES,null
auth,sessions,factor_id,5,uuid,YES,null
auth,sessions,aal,6,USER-DEFINED,YES,null
auth,sessions,not_after,7,timestamp with time zone,YES,null
auth,sessions,refreshed_at,8,timestamp without time zone,YES,null
auth,sessions,user_agent,9,text,YES,null
auth,sessions,ip,10,inet,YES,null
auth,sessions,tag,11,text,YES,null
auth,sessions,oauth_client_id,12,uuid,YES,null
auth,sessions,refresh_token_hmac_key,13,text,YES,null
auth,sessions,refresh_token_counter,14,bigint,YES,null
auth,sessions,scopes,15,text,YES,null
auth,sso_domains,id,1,uuid,NO,null
auth,sso_domains,sso_provider_id,2,uuid,NO,null
auth,sso_domains,domain,3,text,NO,null
auth,sso_domains,created_at,4,timestamp with time zone,YES,null
auth,sso_domains,updated_at,5,timestamp with time zone,YES,null
auth,sso_providers,id,1,uuid,NO,null
auth,sso_providers,resource_id,2,text,YES,null
auth,sso_providers,created_at,3,timestamp with time zone,YES,null
auth,sso_providers,updated_at,4,timestamp with time zone,YES,null
auth,sso_providers,disabled,5,boolean,YES,null
auth,users,instance_id,1,uuid,YES,null
auth,users,id,2,uuid,NO,null
auth,users,aud,3,character varying,YES,null
auth,users,role,4,character varying,YES,null
auth,users,email,5,character varying,YES,null
auth,users,encrypted_password,6,character varying,YES,null
auth,users,email_confirmed_at,7,timestamp with time zone,YES,null
auth,users,invited_at,8,timestamp with time zone,YES,null
auth,users,confirmation_token,9,character varying,YES,null
auth,users,confirmation_sent_at,10,timestamp with time zone,YES,null
auth,users,recovery_token,11,character varying,YES,null
auth,users,recovery_sent_at,12,timestamp with time zone,YES,null
auth,users,email_change_token_new,13,character varying,YES,null
auth,users,email_change,14,character varying,YES,null
auth,users,email_change_sent_at,15,timestamp with time zone,YES,null
auth,users,last_sign_in_at,16,timestamp with time zone,YES,null
auth,users,raw_app_meta_data,17,jsonb,YES,null
auth,users,raw_user_meta_data,18,jsonb,YES,null
auth,users,is_super_admin,19,boolean,YES,null
auth,users,created_at,20,timestamp with time zone,YES,null
auth,users,updated_at,21,timestamp with time zone,YES,null
auth,users,phone,22,text,YES,NULL::character varying
auth,users,phone_confirmed_at,23,timestamp with time zone,YES,null
auth,users,phone_change,24,text,YES,''::character varying
auth,users,phone_change_token,25,character varying,YES,''::character varying
auth,users,phone_change_sent_at,26,timestamp with time zone,YES,null
auth,users,confirmed_at,27,timestamp with time zone,YES,null
auth,users,email_change_token_current,28,character varying,YES,''::character varying
auth,users,email_change_confirm_status,29,smallint,YES,0
auth,users,banned_until,30,timestamp with time zone,YES,null
auth,users,reauthentication_token,31,character varying,YES,''::character varying
auth,users,reauthentication_sent_at,32,timestamp with time zone,YES,null
auth,users,is_sso_user,33,boolean,NO,false
auth,users,deleted_at,34,timestamp with time zone,YES,null
auth,users,is_anonymous,35,boolean,NO,false
extensions,pg_stat_statements,userid,1,oid,YES,null
extensions,pg_stat_statements,dbid,2,oid,YES,null
extensions,pg_stat_statements,toplevel,3,boolean,YES,null
extensions,pg_stat_statements,queryid,4,bigint,YES,null
extensions,pg_stat_statements,query,5,text,YES,null
extensions,pg_stat_statements,plans,6,bigint,YES,null
extensions,pg_stat_statements,total_plan_time,7,double precision,YES,null
extensions,pg_stat_statements,min_plan_time,8,double precision,YES,null
extensions,pg_stat_statements,max_plan_time,9,double precision,YES,null
extensions,pg_stat_statements,mean_plan_time,10,double precision,YES,null
extensions,pg_stat_statements,stddev_plan_time,11,double precision,YES,null
extensions,pg_stat_statements,calls,12,bigint,YES,null
extensions,pg_stat_statements,total_exec_time,13,double precision,YES,null
extensions,pg_stat_statements,min_exec_time,14,double precision,YES,null
extensions,pg_stat_statements,max_exec_time,15,double precision,YES,null
extensions,pg_stat_statements,mean_exec_time,16,double precision,YES,null
extensions,pg_stat_statements,stddev_exec_time,17,double precision,YES,null
extensions,pg_stat_statements,rows,18,bigint,YES,null
extensions,pg_stat_statements,shared_blks_hit,19,bigint,YES,null
extensions,pg_stat_statements,shared_blks_read,20,bigint,YES,null
extensions,pg_stat_statements,shared_blks_dirtied,21,bigint,YES,null
extensions,pg_stat_statements,shared_blks_written,22,bigint,YES,null
extensions,pg_stat_statements,local_blks_hit,23,bigint,YES,null
extensions,pg_stat_statements,local_blks_read,24,bigint,YES,null
extensions,pg_stat_statements,local_blks_dirtied,25,bigint,YES,null
extensions,pg_stat_statements,local_blks_written,26,bigint,YES,null
extensions,pg_stat_statements,temp_blks_read,27,bigint,YES,null
extensions,pg_stat_statements,temp_blks_written,28,bigint,YES,null
extensions,pg_stat_statements,shared_blk_read_time,29,double precision,YES,null
extensions,pg_stat_statements,shared_blk_write_time,30,double precision,YES,null
extensions,pg_stat_statements,local_blk_read_time,31,double precision,YES,null
extensions,pg_stat_statements,local_blk_write_time,32,double precision,YES,null
extensions,pg_stat_statements,temp_blk_read_time,33,double precision,YES,null
extensions,pg_stat_statements,temp_blk_write_time,34,double precision,YES,null
extensions,pg_stat_statements,wal_records,35,bigint,YES,null
extensions,pg_stat_statements,wal_fpi,36,bigint,YES,null
extensions,pg_stat_statements,wal_bytes,37,numeric,YES,null
extensions,pg_stat_statements,jit_functions,38,bigint,YES,null
extensions,pg_stat_statements,jit_generation_time,39,double precision,YES,null
extensions,pg_stat_statements,jit_inlining_count,40,bigint,YES,null
extensions,pg_stat_statements,jit_inlining_time,41,double precision,YES,null
extensions,pg_stat_statements,jit_optimization_count,42,bigint,YES,null
extensions,pg_stat_statements,jit_optimization_time,43,double precision,YES,null
extensions,pg_stat_statements,jit_emission_count,44,bigint,YES,null
extensions,pg_stat_statements,jit_emission_time,45,double precision,YES,null
extensions,pg_stat_statements,jit_deform_count,46,bigint,YES,null
extensions,pg_stat_statements,jit_deform_time,47,double precision,YES,null
extensions,pg_stat_statements,stats_since,48,timestamp with time zone,YES,null
extensions,pg_stat_statements,minmax_stats_since,49,timestamp with time zone,YES,null
extensions,pg_stat_statements_info,dealloc,1,bigint,YES,null
extensions,pg_stat_statements_info,stats_reset,2,timestamp with time zone,YES,null
public,abonnements,id,1,uuid,NO,gen_random_uuid()
public,abonnements,entreprise_id,2,uuid,YES,null
public,abonnements,regie_id,3,uuid,YES,null
public,abonnements,plan_id,4,uuid,NO,null
public,abonnements,type_periode,5,character varying,NO,'mensuel'::character varying
public,abonnements,date_debut,6,date,NO,CURRENT_DATE
public,abonnements,date_fin,7,date,NO,null
public,abonnements,statut,8,character varying,NO,'actif'::character varying
public,abonnements,montant_paye,9,numeric,NO,null
public,abonnements,date_prochain_paiement,10,date,YES,null
public,abonnements,missions_ce_mois,11,integer,YES,0
public,abonnements,dernier_reset_quota,12,date,YES,CURRENT_DATE
public,abonnements,created_at,13,timestamp with time zone,YES,now()
public,abonnements,updated_at,14,timestamp with time zone,YES,now()
public,abonnements_stats,plan_nom,1,character varying,YES,null
public,abonnements_stats,nom_affichage,2,character varying,YES,null
public,abonnements_stats,nombre_abonnements,3,bigint,YES,null
public,abonnements_stats,abonnements_actifs,4,bigint,YES,null
public,abonnements_stats,abonnements_mensuels,5,bigint,YES,null
public,abonnements_stats,abonnements_annuels,6,bigint,YES,null
public,abonnements_stats,mrr_mensuel,7,numeric,YES,null
public,abonnements_stats,mrr_annuel,8,numeric,YES,null
public,abonnements_stats,mrr_total,9,numeric,YES,null
public,admin_agences_en_attente,id,1,uuid,YES,null
public,admin_agences_en_attente,nom_agence,2,text,YES,null
public,admin_agences_en_attente,email,3,text,YES,null
public,admin_agences_en_attente,siret,4,text,YES,null
public,admin_agences_en_attente,nb_collaborateurs,5,integer,YES,null
public,admin_agences_en_attente,nb_logements_geres,6,integer,YES,null
public,admin_agences_en_attente,statut_validation,7,text,YES,null
public,admin_agences_en_attente,date_inscription,8,timestamp with time zone,YES,null
public,admin_agences_en_attente,email_contact,9,text,YES,null
public,admin_agences_en_attente,language,10,text,YES,null
public,admin_dashboard,total_regies,1,bigint,YES,null
public,admin_dashboard,regies_30_jours,2,bigint,YES,null
public,admin_dashboard,total_immeubles,3,bigint,YES,null
public,admin_dashboard,immeubles_30_jours,4,bigint,YES,null
public,admin_dashboard,total_logements,5,bigint,YES,null
public,admin_dashboard,logements_30_jours,6,bigint,YES,null
public,admin_dashboard,total_locataires,7,bigint,YES,null
public,admin_dashboard,locataires_30_jours,8,bigint,YES,null
public,admin_dashboard,total_tickets,9,bigint,YES,null
public,admin_dashboard,tickets_30_jours,10,bigint,YES,null
public,admin_dashboard,tickets_ouverts,11,bigint,YES,null
public,admin_dashboard,tickets_en_cours,12,bigint,YES,null
public,admin_dashboard,tickets_termines,13,bigint,YES,null
public,admin_dashboard,total_entreprises,14,bigint,YES,null
public,admin_dashboard,entreprises_30_jours,15,bigint,YES,null
public,admin_stats_entreprises,total_entreprises,1,bigint,YES,null
public,admin_stats_entreprises,entreprises_30_jours,2,bigint,YES,null
public,admin_stats_entreprises,entreprises_7_jours,3,bigint,YES,null
public,admin_stats_entreprises,regies_avec_entreprises,4,bigint,YES,null
public,admin_stats_entreprises,entreprises_autorisees,5,bigint,YES,null
public,admin_stats_evolution,jour,1,timestamp with time zone,YES,null
public,admin_stats_evolution,type,2,text,YES,null
public,admin_stats_evolution,nombre,3,bigint,YES,null
public,admin_stats_immeubles,total_immeubles,1,bigint,YES,null
public,admin_stats_immeubles,immeubles_30_jours,2,bigint,YES,null
public,admin_stats_immeubles,immeubles_7_jours,3,bigint,YES,null
public,admin_stats_immeubles,regies_avec_immeubles,4,bigint,YES,null
public,admin_stats_immeubles,moyenne_par_regie,5,numeric,YES,null
public,admin_stats_locataires,total_locataires,1,bigint,YES,null
public,admin_stats_locataires,locataires_30_jours,2,bigint,YES,null
public,admin_stats_locataires,locataires_7_jours,3,bigint,YES,null
public,admin_stats_locataires,logements_occupes,4,bigint,YES,null
public,admin_stats_logements,total_logements,1,bigint,YES,null
public,admin_stats_logements,logements_30_jours,2,bigint,YES,null
public,admin_stats_logements,logements_7_jours,3,bigint,YES,null
public,admin_stats_logements,immeubles_avec_logements,4,bigint,YES,null
public,admin_stats_logements,moyenne_par_immeuble,5,numeric,YES,null
public,admin_stats_regies,total_regies,1,bigint,YES,null
public,admin_stats_regies,regies_30_jours,2,bigint,YES,null
public,admin_stats_regies,regies_7_jours,3,bigint,YES,null
public,admin_stats_regies,regies_aujourd_hui,4,bigint,YES,null
public,admin_stats_tickets,total_tickets,1,bigint,YES,null
public,admin_stats_tickets,tickets_30_jours,2,bigint,YES,null
public,admin_stats_tickets,tickets_7_jours,3,bigint,YES,null
public,admin_stats_tickets,tickets_aujourd_hui,4,bigint,YES,null
public,admin_stats_tickets,tickets_ouverts,5,bigint,YES,null
public,admin_stats_tickets,tickets_en_cours,6,bigint,YES,null
public,admin_stats_tickets,tickets_termines,7,bigint,YES,null
public,admin_stats_tickets,tickets_annules,8,bigint,YES,null
public,admin_stats_tickets,tickets_priorite_haute,9,bigint,YES,null
public,admin_stats_tickets,tickets_priorite_moyenne,10,bigint,YES,null
public,admin_stats_tickets,tickets_priorite_basse,11,bigint,YES,null
public,admin_stats_tickets,regies_avec_tickets,12,bigint,YES,null
public,admin_stats_tickets,duree_moyenne_heures,13,numeric,YES,null
public,admin_stats_tickets_categories,categorie,1,text,YES,null
public,admin_stats_tickets_categories,total,2,bigint,YES,null
public,admin_stats_tickets_categories,ouverts,3,bigint,YES,null
public,admin_stats_tickets_categories,en_cours,4,bigint,YES,null
public,admin_stats_tickets_categories,termines,5,bigint,YES,null
public,admin_stats_tickets_priorites,priorite,1,text,YES,null
public,admin_stats_tickets_priorites,total,2,bigint,YES,null
public,admin_stats_tickets_priorites,ouverts,3,bigint,YES,null
public,admin_stats_tickets_priorites,en_cours,4,bigint,YES,null
public,admin_stats_tickets_priorites,termines,5,bigint,YES,null
public,entreprises,id,1,uuid,NO,uuid_generate_v4()
public,entreprises,nom,2,text,NO,null
public,entreprises,siret,3,text,YES,null
public,entreprises,adresse,4,text,YES,null
public,entreprises,code_postal,5,text,YES,null
public,entreprises,ville,6,text,YES,null
public,entreprises,telephone,7,text,YES,null
public,entreprises,email,8,text,NO,null
public,entreprises,specialites,9,ARRAY,YES,null
public,entreprises,profile_id,10,uuid,YES,null
public,entreprises,description,11,text,YES,null
public,entreprises,site_web,12,text,YES,null
public,entreprises,created_at,13,timestamp with time zone,YES,now()
public,entreprises,updated_at,14,timestamp with time zone,YES,now()
public,entreprises,signature_url,15,text,YES,null
public,factures,id,1,uuid,NO,gen_random_uuid()
public,factures,mission_id,2,uuid,NO,null
public,factures,entreprise_id,3,uuid,NO,null
public,factures,regie_id,4,uuid,NO,null
public,factures,numero,5,text,NO,null
public,factures,montant_ht,6,numeric,NO,null
public,factures,taux_tva,7,numeric,NO,20.00
public,factures,montant_tva,8,numeric,YES,null
public,factures,montant_ttc,9,numeric,YES,null
public,factures,taux_commission,10,numeric,NO,10.00
public,factures,montant_commission,11,numeric,YES,null
public,factures,statut,12,text,NO,'brouillon'::text
public,factures,date_emission,13,date,NO,CURRENT_DATE
public,factures,date_echeance,14,date,NO,null
public,factures,date_envoi,15,timestamp with time zone,YES,null
public,factures,date_paiement,16,timestamp with time zone,YES,null
public,factures,notes,17,text,YES,null
public,factures,created_at,18,timestamp with time zone,NO,now()
public,factures,updated_at,19,timestamp with time zone,NO,now()
public,factures_commissions_jtec,facture_id,1,uuid,YES,null
public,factures_commissions_jtec,numero,2,text,YES,null
public,factures_commissions_jtec,date_emission,3,date,YES,null
public,factures_commissions_jtec,statut,4,text,YES,null
public,factures_commissions_jtec,entreprise_nom,5,text,YES,null
public,factures_commissions_jtec,regie_nom,6,text,YES,null
public,factures_commissions_jtec,montant_ht,7,numeric,YES,null
public,factures_commissions_jtec,montant_ttc,8,numeric,YES,null
public,factures_commissions_jtec,taux_commission,9,numeric,YES,null
public,factures_commissions_jtec,montant_commission,10,numeric,YES,null
public,factures_commissions_jtec,statut_commission,11,text,YES,null
public,factures_stats,entreprise_id,1,uuid,YES,null
public,factures_stats,entreprise_nom,2,text,YES,null
public,factures_stats,total_factures,3,bigint,YES,null
public,factures_stats,factures_brouillon,4,bigint,YES,null
public,factures_stats,factures_envoyees,5,bigint,YES,null
public,factures_stats,factures_payees,6,bigint,YES,null
public,factures_stats,factures_annulees,7,bigint,YES,null
public,factures_stats,ca_ht_total,8,numeric,YES,null
public,factures_stats,ca_ttc_total,9,numeric,YES,null
public,factures_stats,commissions_jtec_total,10,numeric,YES,null
public,factures_stats,ca_ht_paye,11,numeric,YES,null
public,factures_stats,ca_ttc_paye,12,numeric,YES,null
public,factures_stats,commissions_jtec_payees,13,numeric,YES,null
public,factures_stats,ca_en_attente,14,numeric,YES,null
public,factures_stats,taux_paiement,15,numeric,YES,null
public,factures_stats,delai_moyen_paiement_jours,16,numeric,YES,null
public,immeubles,id,1,uuid,NO,uuid_generate_v4()
public,immeubles,nom,2,text,NO,null
public,immeubles,adresse,3,text,NO,null
public,immeubles,npa,4,text,NO,null
public,immeubles,ville,5,text,NO,null
public,immeubles,nombre_etages,6,integer,YES,0
public,immeubles,annee_construction,7,integer,YES,null
public,immeubles,regie_id,8,uuid,NO,null
public,immeubles,type_chauffage,9,text,YES,null
public,immeubles,ascenseur,10,boolean,YES,false
public,immeubles,digicode,11,text,YES,null
public,immeubles,interphone,12,boolean,YES,false
public,immeubles,created_at,13,timestamp with time zone,YES,now()
public,immeubles,updated_at,14,timestamp with time zone,YES,now()
public,immeubles,photo_url,15,text,YES,null
public,immeubles,pays,16,text,YES,'Suisse'::text
public,immeubles,type_immeuble,17,text,YES,null
public,immeubles,description,18,text,YES,null
public,immeubles,proprietaire_id,19,uuid,YES,null
public,locataires,id,1,uuid,NO,uuid_generate_v4()
public,locataires,nom,2,text,NO,null
public,locataires,prenom,3,text,NO,null
public,locataires,telephone,4,text,YES,null
public,locataires,email,5,text,NO,null
public,locataires,date_naissance,6,date,YES,null
public,locataires,profile_id,7,uuid,NO,null
public,locataires,logement_id,8,uuid,YES,null
public,locataires,date_entree,9,date,NO,null
public,locataires,date_sortie,10,date,YES,null
public,locataires,contact_urgence_nom,11,text,YES,null
public,locataires,contact_urgence_telephone,12,text,YES,null
public,locataires,created_at,13,timestamp with time zone,YES,now()
public,locataires,updated_at,14,timestamp with time zone,YES,now()
public,locataires,signature_url,15,text,YES,null
public,locataires,regie_id,16,uuid,NO,null
public,logements,id,1,uuid,NO,uuid_generate_v4()
public,logements,numero,2,text,NO,null
public,logements,etage,3,integer,YES,null
public,logements,superficie,4,numeric,YES,null
public,logements,nombre_pieces,5,integer,YES,null
public,logements,type_logement,6,text,YES,null
public,logements,immeuble_id,7,uuid,YES,null
public,logements,statut,8,text,YES,'vacant'::text
public,logements,loyer_mensuel,9,numeric,YES,null
public,logements,charges_mensuelles,10,numeric,YES,null
public,logements,depot_garantie,11,numeric,YES,null
public,logements,balcon,12,boolean,YES,false
public,logements,parking,13,boolean,YES,false
public,logements,cave,14,boolean,YES,false
public,logements,meuble,15,boolean,YES,false
public,logements,created_at,16,timestamp with time zone,YES,now()
public,logements,updated_at,17,timestamp with time zone,YES,now()
public,logements,photo_url,18,text,YES,null
public,logements,regie_id,19,uuid,NO,null
public,logements,adresse,20,text,YES,null
public,logements,npa,21,text,YES,null
public,logements,ville,22,text,YES,null
public,logements,pays,23,text,YES,'Suisse'::text
public,logements,orientation,24,text,YES,null
public,logements,annee_construction,25,integer,YES,null
public,logements,annee_renovation,26,integer,YES,null
public,logements,type_chauffage,27,text,YES,null
public,logements,description,28,text,YES,null
public,logements,proprietaire_id,29,uuid,YES,null
public,messages,id,1,uuid,NO,gen_random_uuid()
public,messages,mission_id,2,uuid,NO,null
public,messages,sender_user_id,3,uuid,NO,null
public,messages,sender_name,4,text,NO,null
public,messages,sender_role,5,text,NO,null
public,messages,content,6,text,NO,null
public,messages,type,7,text,NO,'message'::text
public,messages,created_at,8,timestamp with time zone,NO,now()
public,migration_logs,id,1,uuid,NO,uuid_generate_v4()
public,migration_logs,migration_name,2,text,NO,null
public,migration_logs,executed_at,3,timestamp with time zone,YES,now()
public,migration_logs,description,4,text,YES,null
public,missions,id,1,uuid,NO,gen_random_uuid()
public,missions,ticket_id,2,uuid,NO,null
public,missions,entreprise_id,3,uuid,NO,null
public,missions,technicien_id,4,uuid,YES,null
public,missions,date_intervention_prevue,5,timestamp with time zone,YES,null
public,missions,date_intervention_realisee,6,timestamp with time zone,YES,null
public,missions,statut,7,USER-DEFINED,NO,'en_attente'::mission_status
public,missions,created_at,8,timestamp with time zone,NO,now()
public,missions,started_at,9,timestamp with time zone,YES,null
public,missions,completed_at,10,timestamp with time zone,YES,null
public,missions,validated_at,11,timestamp with time zone,YES,null
public,missions,notes,12,text,YES,null
public,missions,devis_url,13,text,YES,null
public,missions,facture_url,14,text,YES,null
public,missions,montant_reel_chf,15,numeric,YES,null
public,missions,updated_at,16,timestamp with time zone,NO,now()
public,missions,rapport_url,17,text,YES,null
public,missions,signature_locataire_url,18,text,YES,null
public,missions,signature_technicien_url,19,text,YES,null
public,missions,devise,20,text,NO,'CHF'::text
public,notifications,id,1,uuid,NO,gen_random_uuid()
public,notifications,user_id,2,uuid,NO,null
public,notifications,type,3,text,NO,null
public,notifications,title,4,text,NO,null
public,notifications,message,5,text,NO,null
public,notifications,related_mission_id,6,uuid,YES,null
public,notifications,related_ticket_id,7,uuid,YES,null
public,notifications,related_facture_id,8,uuid,YES,null
public,notifications,related_message_id,9,uuid,YES,null
public,notifications,read,10,boolean,NO,false
public,notifications,read_at,11,timestamp with time zone,YES,null
public,notifications,created_at,12,timestamp with time zone,NO,now()
public,plans,id,1,uuid,NO,gen_random_uuid()
public,plans,nom,2,character varying,NO,null
public,plans,nom_affichage,3,character varying,NO,null
public,plans,description,4,text,YES,null
public,plans,prix_mensuel,5,numeric,NO,null
public,plans,prix_annuel,6,numeric,NO,null
public,plans,limite_missions_mois,7,integer,YES,null
public,plans,limite_techniciens,8,integer,YES,null
public,plans,limite_utilisateurs,9,integer,YES,null
public,plans,modules_actifs,10,jsonb,YES,'[]'::jsonb
public,plans,actif,11,boolean,YES,true
public,plans,ordre_affichage,12,integer,YES,0
public,plans,created_at,13,timestamp with time zone,YES,now()
public,plans,updated_at,14,timestamp with time zone,YES,now()
public,profiles,id,1,uuid,NO,null
public,profiles,email,2,text,NO,null
public,profiles,role,3,USER-DEFINED,NO,'regie'::user_role
public,profiles,language,4,text,NO,'fr'::text
public,profiles,is_demo,5,boolean,NO,false
public,profiles,regie_id,6,uuid,YES,null
public,profiles,entreprise_id,7,uuid,YES,null
public,profiles,logement_id,8,uuid,YES,null
public,profiles,created_at,9,timestamp with time zone,YES,now()
public,profiles,updated_at,10,timestamp with time zone,YES,now()
public,profiles_backup_20241220,id,1,uuid,YES,null
public,profiles_backup_20241220,email,2,text,YES,null
public,profiles_backup_20241220,role,3,USER-DEFINED,YES,null
public,profiles_backup_20241220,language,4,text,YES,null
public,profiles_backup_20241220,is_demo,5,boolean,YES,null
public,profiles_backup_20241220,regie_id,6,uuid,YES,null
public,profiles_backup_20241220,entreprise_id,7,uuid,YES,null
public,profiles_backup_20241220,logement_id,8,uuid,YES,null
public,profiles_backup_20241220,created_at,9,timestamp with time zone,YES,null
public,profiles_backup_20241220,updated_at,10,timestamp with time zone,YES,null
public,quotas_usage,client_nom,1,text,YES,null
public,quotas_usage,client_type,2,text,YES,null
public,quotas_usage,plan_nom,3,character varying,YES,null
public,quotas_usage,statut,4,character varying,YES,null
public,quotas_usage,missions_utilisees,5,integer,YES,null
public,quotas_usage,missions_limite,6,integer,YES,null
public,quotas_usage,missions_pourcentage,7,numeric,YES,null
public,quotas_usage,techniciens_utilises,8,bigint,YES,null
public,quotas_usage,techniciens_limite,9,integer,YES,null
public,quotas_usage,utilisateurs_utilises,10,bigint,YES,null
public,quotas_usage,utilisateurs_limite,11,integer,YES,null
public,quotas_usage,date_fin,12,date,YES,null
public,quotas_usage,jours_restants,13,integer,YES,null
public,regies,id,1,uuid,NO,uuid_generate_v4()
public,regies,nom,2,text,NO,null
public,regies,adresse,3,text,YES,null
public,regies,code_postal,4,text,YES,null
public,regies,ville,5,text,YES,null
public,regies,telephone,6,text,YES,null
public,regies,email,7,text,YES,null
public,regies,siret,8,text,YES,null
public,regies,nb_collaborateurs,9,integer,NO,1
public,regies,nb_logements_geres,10,integer,NO,0
public,regies,statut_validation,11,text,NO,'en_attente'::text
public,regies,date_validation,12,timestamp with time zone,YES,null
public,regies,admin_validateur_id,13,uuid,YES,null
public,regies,commentaire_refus,14,text,YES,null
public,regies,profile_id,15,uuid,YES,null
public,regies,created_at,16,timestamp with time zone,YES,now()
public,regies,updated_at,17,timestamp with time zone,YES,now()
public,regies_backup_20241220,id,1,uuid,YES,null
public,regies_backup_20241220,nom,2,text,YES,null
public,regies_backup_20241220,adresse,3,text,YES,null
public,regies_backup_20241220,code_postal,4,text,YES,null
public,regies_backup_20241220,ville,5,text,YES,null
public,regies_backup_20241220,telephone,6,text,YES,null
public,regies_backup_20241220,email,7,text,YES,null
public,regies_backup_20241220,siret,8,text,YES,null
public,regies_backup_20241220,nb_collaborateurs,9,integer,YES,null
public,regies_backup_20241220,nb_logements_geres,10,integer,YES,null
public,regies_backup_20241220,statut_validation,11,text,YES,null
public,regies_backup_20241220,date_validation,12,timestamp with time zone,YES,null
public,regies_backup_20241220,admin_validateur_id,13,uuid,YES,null
public,regies_backup_20241220,commentaire_refus,14,text,YES,null
public,regies_backup_20241220,profile_id,15,uuid,YES,null
public,regies_backup_20241220,created_at,16,timestamp with time zone,YES,null
public,regies_backup_20241220,updated_at,17,timestamp with time zone,YES,null
public,regies_entreprises,id,1,uuid,NO,uuid_generate_v4()
public,regies_entreprises,regie_id,2,uuid,NO,null
public,regies_entreprises,entreprise_id,3,uuid,NO,null
public,regies_entreprises,mode_diffusion,4,text,NO,'restreint'::text
public,regies_entreprises,date_autorisation,5,timestamp with time zone,YES,now()
public,regies_entreprises,created_at,6,timestamp with time zone,YES,now()
public,regies_entreprises,updated_at,7,timestamp with time zone,YES,now()
public,techniciens,id,1,uuid,NO,gen_random_uuid()
public,techniciens,profile_id,2,uuid,NO,null
public,techniciens,entreprise_id,3,uuid,NO,null
public,techniciens,nom,4,text,NO,null
public,techniciens,prenom,5,text,NO,null
public,techniciens,telephone,6,text,YES,null
public,techniciens,email,7,text,YES,null
public,techniciens,specialites,8,ARRAY,YES,ARRAY[]::text[]
public,techniciens,actif,9,boolean,NO,true
public,techniciens,created_at,10,timestamp with time zone,NO,now()
public,techniciens,updated_at,11,timestamp with time zone,NO,now()
public,tickets,id,1,uuid,NO,uuid_generate_v4()
public,tickets,titre,2,text,NO,null
public,tickets,description,3,text,NO,null
public,tickets,categorie,4,text,NO,null
public,tickets,priorite,5,text,YES,'normale'::text
public,tickets,statut,6,USER-DEFINED,NO,'nouveau'::ticket_status
public,tickets,logement_id,7,uuid,NO,null
public,tickets,locataire_id,8,uuid,NO,null
public,tickets,regie_id,9,uuid,NO,null
public,tickets,entreprise_id,10,uuid,YES,null
public,tickets,technicien_id,11,uuid,YES,null
public,tickets,date_creation,12,timestamp with time zone,YES,now()
public,tickets,date_cloture,13,timestamp with time zone,YES,null
public,tickets,date_limite,14,timestamp with time zone,YES,null
public,tickets,photos,15,ARRAY,YES,null
public,tickets,urgence,16,boolean,YES,false
public,tickets,created_at,17,timestamp with time zone,YES,now()
public,tickets,updated_at,18,timestamp with time zone,YES,now()
public,tickets,locked_at,19,timestamp with time zone,YES,null
public,tickets,plafond_intervention_chf,20,numeric,YES,0
public,tickets,devise,21,text,NO,'CHF'::text
public,tickets,mode_diffusion,22,text,YES,null
public,tickets,sous_categorie,23,text,YES,null
public,tickets,piece,24,text,YES,null
public,tickets_complets,ticket_id,1,uuid,YES,null
public,tickets_complets,titre,2,text,YES,null
public,tickets_complets,description,3,text,YES,null
public,tickets_complets,categorie,4,text,YES,null
public,tickets_complets,priorite,5,text,YES,null
public,tickets_complets,statut,6,USER-DEFINED,YES,null
public,tickets_complets,created_at,7,timestamp with time zone,YES,null
public,tickets_complets,updated_at,8,timestamp with time zone,YES,null
public,tickets_complets,locataire_id,9,uuid,YES,null
public,tickets_complets,logement_id,10,uuid,YES,null
public,tickets_complets,regie_id,11,uuid,YES,null
public,tickets_complets,entreprise_id,12,uuid,YES,null
public,tickets_complets,locataire_nom,13,text,YES,null
public,tickets_complets,locataire_prenom,14,text,YES,null
public,tickets_complets,locataire_email,15,text,YES,null
public,tickets_complets,locataire_telephone,16,text,YES,null
public,tickets_complets,logement_numero,17,text,YES,null
public,tickets_complets,logement_etage,18,integer,YES,null
public,tickets_complets,immeuble_nom,19,text,YES,null
public,tickets_complets,immeuble_adresse,20,text,YES,null
public,tickets_complets,immeuble_code_postal,21,text,YES,null
public,tickets_complets,immeuble_ville,22,text,YES,null
public,tickets_complets,regie_nom,23,text,YES,null
public,tickets_disponibilites,id,1,uuid,NO,gen_random_uuid()
public,tickets_disponibilites,ticket_id,2,uuid,NO,null
public,tickets_disponibilites,date_debut,3,timestamp with time zone,NO,null
public,tickets_disponibilites,date_fin,4,timestamp with time zone,NO,null
public,tickets_disponibilites,preference,5,integer,NO,null
public,tickets_disponibilites,created_at,6,timestamp with time zone,NO,now()
public,tickets_visibles_entreprise,id,1,uuid,YES,null
public,tickets_visibles_entreprise,titre,2,text,YES,null
public,tickets_visibles_entreprise,description,3,text,YES,null
public,tickets_visibles_entreprise,categorie,4,text,YES,null
public,tickets_visibles_entreprise,priorite,5,text,YES,null
public,tickets_visibles_entreprise,statut,6,USER-DEFINED,YES,null
public,tickets_visibles_entreprise,logement_id,7,uuid,YES,null
public,tickets_visibles_entreprise,locataire_id,8,uuid,YES,null
public,tickets_visibles_entreprise,regie_id,9,uuid,YES,null
public,tickets_visibles_entreprise,entreprise_id,10,uuid,YES,null
public,tickets_visibles_entreprise,technicien_id,11,uuid,YES,null
public,tickets_visibles_entreprise,date_creation,12,timestamp with time zone,YES,null
public,tickets_visibles_entreprise,date_cloture,13,timestamp with time zone,YES,null
public,tickets_visibles_entreprise,date_limite,14,timestamp with time zone,YES,null
public,tickets_visibles_entreprise,photos,15,ARRAY,YES,null
public,tickets_visibles_entreprise,urgence,16,boolean,YES,null
public,tickets_visibles_entreprise,created_at,17,timestamp with time zone,YES,null
public,tickets_visibles_entreprise,updated_at,18,timestamp with time zone,YES,null
public,tickets_visibles_entreprise,locked_at,19,timestamp with time zone,YES,null
public,tickets_visibles_entreprise,plafond_intervention_chf,20,numeric,YES,null
public,tickets_visibles_entreprise,devise,21,text,YES,null
public,tickets_visibles_entreprise,mode_diffusion,22,text,YES,null
public,tickets_visibles_entreprise,visible_par_entreprise_id,23,uuid,YES,null
public,tickets_visibles_entreprise,autorisation_mode,24,text,YES,null
realtime,messages,topic,3,text,NO,null
realtime,messages,extension,4,text,NO,null
realtime,messages,payload,5,jsonb,YES,null
realtime,messages,event,6,text,YES,null
realtime,messages,private,7,boolean,YES,false
realtime,messages,updated_at,8,timestamp without time zone,NO,now()
realtime,messages,inserted_at,9,timestamp without time zone,NO,now()
realtime,messages,id,10,uuid,NO,gen_random_uuid()
realtime,schema_migrations,version,1,bigint,NO,null
realtime,schema_migrations,inserted_at,2,timestamp without time zone,YES,null
realtime,subscription,id,1,bigint,NO,null
realtime,subscription,subscription_id,2,uuid,NO,null
realtime,subscription,entity,4,regclass,NO,null
realtime,subscription,filters,5,ARRAY,NO,'{}'::realtime.user_defined_filter[]
realtime,subscription,claims,7,jsonb,NO,null
realtime,subscription,claims_role,8,regrole,NO,null
"realtime,subscription,created_at,9,timestamp without time zone,NO,""timezone('utc'::text, now())"""
storage,buckets,id,1,text,NO,null
storage,buckets,name,2,text,NO,null
storage,buckets,owner,3,uuid,YES,null
storage,buckets,created_at,4,timestamp with time zone,YES,now()
storage,buckets,updated_at,5,timestamp with time zone,YES,now()
storage,buckets,public,6,boolean,YES,false
storage,buckets,avif_autodetection,7,boolean,YES,false
storage,buckets,file_size_limit,8,bigint,YES,null
storage,buckets,allowed_mime_types,9,ARRAY,YES,null
storage,buckets,owner_id,10,text,YES,null
storage,buckets,type,11,USER-DEFINED,NO,'STANDARD'::storage.buckettype
storage,buckets_analytics,name,1,text,NO,null
storage,buckets_analytics,type,2,USER-DEFINED,NO,'ANALYTICS'::storage.buckettype
storage,buckets_analytics,format,3,text,NO,'ICEBERG'::text
storage,buckets_analytics,created_at,4,timestamp with time zone,NO,now()
storage,buckets_analytics,updated_at,5,timestamp with time zone,NO,now()
storage,buckets_analytics,id,6,uuid,NO,gen_random_uuid()
storage,buckets_analytics,deleted_at,7,timestamp with time zone,YES,null
storage,buckets_vectors,id,1,text,NO,null
storage,buckets_vectors,type,2,USER-DEFINED,NO,'VECTOR'::storage.buckettype
storage,buckets_vectors,created_at,3,timestamp with time zone,NO,now()
storage,buckets_vectors,updated_at,4,timestamp with time zone,NO,now()
storage,migrations,id,1,integer,NO,null
storage,migrations,name,2,character varying,NO,null
storage,migrations,hash,3,character varying,NO,null
storage,migrations,executed_at,4,timestamp without time zone,YES,CURRENT_TIMESTAMP
storage,objects,id,1,uuid,NO,gen_random_uuid()
storage,objects,bucket_id,2,text,YES,null
storage,objects,name,3,text,YES,null
storage,objects,owner,4,uuid,YES,null
storage,objects,created_at,5,timestamp with time zone,YES,now()
storage,objects,updated_at,6,timestamp with time zone,YES,now()
storage,objects,last_accessed_at,7,timestamp with time zone,YES,now()
storage,objects,metadata,8,jsonb,YES,null
storage,objects,path_tokens,9,ARRAY,YES,null
storage,objects,version,10,text,YES,null
storage,objects,owner_id,11,text,YES,null
storage,objects,user_metadata,12,jsonb,YES,null
storage,objects,level,13,integer,YES,null
storage,prefixes,bucket_id,1,text,NO,null
storage,prefixes,name,2,text,NO,null
storage,prefixes,level,3,integer,NO,null
storage,prefixes,created_at,4,timestamp with time zone,YES,now()
storage,prefixes,updated_at,5,timestamp with time zone,YES,now()
storage,s3_multipart_uploads,id,1,text,NO,null
storage,s3_multipart_uploads,in_progress_size,2,bigint,NO,0
storage,s3_multipart_uploads,upload_signature,3,text,NO,null
storage,s3_multipart_uploads,bucket_id,4,text,NO,null
storage,s3_multipart_uploads,key,5,text,NO,null
storage,s3_multipart_uploads,version,6,text,NO,null
storage,s3_multipart_uploads,owner_id,7,text,YES,null
storage,s3_multipart_uploads,created_at,8,timestamp with time zone,NO,now()
storage,s3_multipart_uploads,user_metadata,9,jsonb,YES,null
storage,s3_multipart_uploads_parts,id,1,uuid,NO,gen_random_uuid()
storage,s3_multipart_uploads_parts,upload_id,2,text,NO,null
storage,s3_multipart_uploads_parts,size,3,bigint,NO,0
storage,s3_multipart_uploads_parts,part_number,4,integer,NO,null
storage,s3_multipart_uploads_parts,bucket_id,5,text,NO,null
storage,s3_multipart_uploads_parts,key,6,text,NO,null
storage,s3_multipart_uploads_parts,etag,7,text,NO,null
storage,s3_multipart_uploads_parts,owner_id,8,text,YES,null
storage,s3_multipart_uploads_parts,version,9,text,NO,null
storage,s3_multipart_uploads_parts,created_at,10,timestamp with time zone,NO,now()
storage,vector_indexes,id,1,text,NO,gen_random_uuid()
storage,vector_indexes,name,2,text,NO,null
storage,vector_indexes,bucket_id,3,text,NO,null
storage,vector_indexes,data_type,4,text,NO,null
storage,vector_indexes,dimension,5,integer,NO,null
storage,vector_indexes,distance_metric,6,text,NO,null
storage,vector_indexes,metadata_configuration,7,jsonb,YES,null
storage,vector_indexes,created_at,8,timestamp with time zone,NO,now()
storage,vector_indexes,updated_at,9,timestamp with time zone,NO,now()
vault,decrypted_secrets,id,1,uuid,YES,null
vault,decrypted_secrets,name,2,text,YES,null
vault,decrypted_secrets,description,3,text,YES,null
vault,decrypted_secrets,secret,4,text,YES,null
vault,decrypted_secrets,decrypted_secret,5,text,YES,null
vault,decrypted_secrets,key_id,6,uuid,YES,null
vault,decrypted_secrets,nonce,7,bytea,YES,null
vault,decrypted_secrets,created_at,8,timestamp with time zone,YES,null
vault,decrypted_secrets,updated_at,9,timestamp with time zone,YES,null
vault,secrets,id,1,uuid,NO,gen_random_uuid()
vault,secrets,name,2,text,YES,null
vault,secrets,description,3,text,NO,''::text
vault,secrets,secret,4,text,NO,null
vault,secrets,key_id,5,uuid,YES,null
vault,secrets,nonce,6,bytea,YES,vault._crypto_aead_det_noncegen()
vault,secrets,created_at,7,timestamp with time zone,NO,CURRENT_TIMESTAMP
vault,secrets,updated_at,8,timestamp with time zone,NO,CURRENT_TIMESTAMP
