grantee,table_schema,table_name,privilege_type
postgres,auth,audit_log_entries,DELETE
postgres,auth,audit_log_entries,INSERT
postgres,auth,audit_log_entries,REFERENCES
postgres,auth,audit_log_entries,SELECT
postgres,auth,audit_log_entries,TRIGGER
postgres,auth,audit_log_entries,TRUNCATE
postgres,auth,audit_log_entries,UPDATE
postgres,auth,flow_state,DELETE
postgres,auth,flow_state,INSERT
postgres,auth,flow_state,REFERENCES
postgres,auth,flow_state,SELECT
postgres,auth,flow_state,TRIGGER
postgres,auth,flow_state,TRUNCATE
postgres,auth,flow_state,UPDATE
postgres,auth,identities,DELETE
postgres,auth,identities,INSERT
postgres,auth,identities,REFERENCES
postgres,auth,identities,SELECT
postgres,auth,identities,TRIGGER
postgres,auth,identities,TRUNCATE
postgres,auth,identities,UPDATE
postgres,auth,instances,DELETE
postgres,auth,instances,INSERT
postgres,auth,instances,REFERENCES
postgres,auth,instances,SELECT
postgres,auth,instances,TRIGGER
postgres,auth,instances,TRUNCATE
postgres,auth,instances,UPDATE
postgres,auth,mfa_amr_claims,DELETE
postgres,auth,mfa_amr_claims,INSERT
postgres,auth,mfa_amr_claims,REFERENCES
postgres,auth,mfa_amr_claims,SELECT
postgres,auth,mfa_amr_claims,TRIGGER
postgres,auth,mfa_amr_claims,TRUNCATE
postgres,auth,mfa_amr_claims,UPDATE
postgres,auth,mfa_challenges,DELETE
postgres,auth,mfa_challenges,INSERT
postgres,auth,mfa_challenges,REFERENCES
postgres,auth,mfa_challenges,SELECT
postgres,auth,mfa_challenges,TRIGGER
postgres,auth,mfa_challenges,TRUNCATE
postgres,auth,mfa_challenges,UPDATE
postgres,auth,mfa_factors,DELETE
postgres,auth,mfa_factors,INSERT
postgres,auth,mfa_factors,REFERENCES
postgres,auth,mfa_factors,SELECT
postgres,auth,mfa_factors,TRIGGER
postgres,auth,mfa_factors,TRUNCATE
postgres,auth,mfa_factors,UPDATE
postgres,auth,oauth_authorizations,DELETE
postgres,auth,oauth_authorizations,INSERT
postgres,auth,oauth_authorizations,REFERENCES
postgres,auth,oauth_authorizations,SELECT
postgres,auth,oauth_authorizations,TRIGGER
postgres,auth,oauth_authorizations,TRUNCATE
postgres,auth,oauth_authorizations,UPDATE
postgres,auth,oauth_client_states,DELETE
postgres,auth,oauth_client_states,INSERT
postgres,auth,oauth_client_states,REFERENCES
postgres,auth,oauth_client_states,SELECT
postgres,auth,oauth_client_states,TRIGGER
postgres,auth,oauth_client_states,TRUNCATE
postgres,auth,oauth_client_states,UPDATE
postgres,auth,oauth_clients,DELETE
postgres,auth,oauth_clients,INSERT
postgres,auth,oauth_clients,REFERENCES
postgres,auth,oauth_clients,SELECT
postgres,auth,oauth_clients,TRIGGER
postgres,auth,oauth_clients,TRUNCATE
postgres,auth,oauth_clients,UPDATE
postgres,auth,oauth_consents,DELETE
postgres,auth,oauth_consents,INSERT
postgres,auth,oauth_consents,REFERENCES
postgres,auth,oauth_consents,SELECT
postgres,auth,oauth_consents,TRIGGER
postgres,auth,oauth_consents,TRUNCATE
postgres,auth,oauth_consents,UPDATE
postgres,auth,one_time_tokens,DELETE
postgres,auth,one_time_tokens,INSERT
postgres,auth,one_time_tokens,REFERENCES
postgres,auth,one_time_tokens,SELECT
postgres,auth,one_time_tokens,TRIGGER
postgres,auth,one_time_tokens,TRUNCATE
postgres,auth,one_time_tokens,UPDATE
postgres,auth,refresh_tokens,DELETE
postgres,auth,refresh_tokens,INSERT
postgres,auth,refresh_tokens,REFERENCES
postgres,auth,refresh_tokens,SELECT
postgres,auth,refresh_tokens,TRIGGER
postgres,auth,refresh_tokens,TRUNCATE
postgres,auth,refresh_tokens,UPDATE
postgres,auth,saml_providers,DELETE
postgres,auth,saml_providers,INSERT
postgres,auth,saml_providers,REFERENCES
postgres,auth,saml_providers,SELECT
postgres,auth,saml_providers,TRIGGER
postgres,auth,saml_providers,TRUNCATE
postgres,auth,saml_providers,UPDATE
postgres,auth,saml_relay_states,DELETE
postgres,auth,saml_relay_states,INSERT
postgres,auth,saml_relay_states,REFERENCES
postgres,auth,saml_relay_states,SELECT
postgres,auth,saml_relay_states,TRIGGER
postgres,auth,saml_relay_states,TRUNCATE
postgres,auth,saml_relay_states,UPDATE
postgres,auth,schema_migrations,SELECT
postgres,auth,sessions,DELETE
postgres,auth,sessions,INSERT
postgres,auth,sessions,REFERENCES
postgres,auth,sessions,SELECT
postgres,auth,sessions,TRIGGER
postgres,auth,sessions,TRUNCATE
postgres,auth,sessions,UPDATE
postgres,auth,sso_domains,DELETE
postgres,auth,sso_domains,INSERT
postgres,auth,sso_domains,REFERENCES
postgres,auth,sso_domains,SELECT
postgres,auth,sso_domains,TRIGGER
postgres,auth,sso_domains,TRUNCATE
postgres,auth,sso_domains,UPDATE
postgres,auth,sso_providers,DELETE
postgres,auth,sso_providers,INSERT
postgres,auth,sso_providers,REFERENCES
postgres,auth,sso_providers,SELECT
postgres,auth,sso_providers,TRIGGER
postgres,auth,sso_providers,TRUNCATE
postgres,auth,sso_providers,UPDATE
postgres,auth,users,DELETE
postgres,auth,users,INSERT
postgres,auth,users,REFERENCES
postgres,auth,users,SELECT
postgres,auth,users,TRIGGER
postgres,auth,users,TRUNCATE
postgres,auth,users,UPDATE
PUBLIC,extensions,pg_stat_statements,SELECT
dashboard_user,extensions,pg_stat_statements,DELETE
dashboard_user,extensions,pg_stat_statements,INSERT
dashboard_user,extensions,pg_stat_statements,REFERENCES
dashboard_user,extensions,pg_stat_statements,SELECT
dashboard_user,extensions,pg_stat_statements,TRIGGER
dashboard_user,extensions,pg_stat_statements,TRUNCATE
dashboard_user,extensions,pg_stat_statements,UPDATE
postgres,extensions,pg_stat_statements,DELETE
postgres,extensions,pg_stat_statements,INSERT
postgres,extensions,pg_stat_statements,REFERENCES
postgres,extensions,pg_stat_statements,SELECT
postgres,extensions,pg_stat_statements,TRIGGER
postgres,extensions,pg_stat_statements,TRUNCATE
postgres,extensions,pg_stat_statements,UPDATE
PUBLIC,extensions,pg_stat_statements_info,SELECT
dashboard_user,extensions,pg_stat_statements_info,DELETE
dashboard_user,extensions,pg_stat_statements_info,INSERT
dashboard_user,extensions,pg_stat_statements_info,REFERENCES
dashboard_user,extensions,pg_stat_statements_info,SELECT
dashboard_user,extensions,pg_stat_statements_info,TRIGGER
dashboard_user,extensions,pg_stat_statements_info,TRUNCATE
dashboard_user,extensions,pg_stat_statements_info,UPDATE
postgres,extensions,pg_stat_statements_info,DELETE
postgres,extensions,pg_stat_statements_info,INSERT
postgres,extensions,pg_stat_statements_info,REFERENCES
postgres,extensions,pg_stat_statements_info,SELECT
postgres,extensions,pg_stat_statements_info,TRIGGER
postgres,extensions,pg_stat_statements_info,TRUNCATE
postgres,extensions,pg_stat_statements_info,UPDATE
anon,public,abonnements,DELETE
anon,public,abonnements,INSERT
anon,public,abonnements,REFERENCES
anon,public,abonnements,SELECT
anon,public,abonnements,TRIGGER
anon,public,abonnements,TRUNCATE
anon,public,abonnements,UPDATE
authenticated,public,abonnements,DELETE
authenticated,public,abonnements,INSERT
authenticated,public,abonnements,REFERENCES
authenticated,public,abonnements,SELECT
authenticated,public,abonnements,TRIGGER
authenticated,public,abonnements,TRUNCATE
authenticated,public,abonnements,UPDATE
postgres,public,abonnements,DELETE
postgres,public,abonnements,INSERT
postgres,public,abonnements,REFERENCES
postgres,public,abonnements,SELECT
postgres,public,abonnements,TRIGGER
postgres,public,abonnements,TRUNCATE
postgres,public,abonnements,UPDATE
service_role,public,abonnements,DELETE
service_role,public,abonnements,INSERT
service_role,public,abonnements,REFERENCES
service_role,public,abonnements,SELECT
service_role,public,abonnements,TRIGGER
service_role,public,abonnements,TRUNCATE
service_role,public,abonnements,UPDATE
anon,public,abonnements_stats,DELETE
anon,public,abonnements_stats,INSERT
anon,public,abonnements_stats,REFERENCES
anon,public,abonnements_stats,SELECT
anon,public,abonnements_stats,TRIGGER
anon,public,abonnements_stats,TRUNCATE
anon,public,abonnements_stats,UPDATE
authenticated,public,abonnements_stats,DELETE
authenticated,public,abonnements_stats,INSERT
authenticated,public,abonnements_stats,REFERENCES
authenticated,public,abonnements_stats,SELECT
authenticated,public,abonnements_stats,TRIGGER
authenticated,public,abonnements_stats,TRUNCATE
authenticated,public,abonnements_stats,UPDATE
postgres,public,abonnements_stats,DELETE
postgres,public,abonnements_stats,INSERT
postgres,public,abonnements_stats,REFERENCES
postgres,public,abonnements_stats,SELECT
postgres,public,abonnements_stats,TRIGGER
postgres,public,abonnements_stats,TRUNCATE
postgres,public,abonnements_stats,UPDATE
service_role,public,abonnements_stats,DELETE
service_role,public,abonnements_stats,INSERT
service_role,public,abonnements_stats,REFERENCES
service_role,public,abonnements_stats,SELECT
service_role,public,abonnements_stats,TRIGGER
service_role,public,abonnements_stats,TRUNCATE
service_role,public,abonnements_stats,UPDATE
anon,public,admin_agences_en_attente,DELETE
anon,public,admin_agences_en_attente,INSERT
anon,public,admin_agences_en_attente,REFERENCES
anon,public,admin_agences_en_attente,SELECT
anon,public,admin_agences_en_attente,TRIGGER
anon,public,admin_agences_en_attente,TRUNCATE
anon,public,admin_agences_en_attente,UPDATE
authenticated,public,admin_agences_en_attente,DELETE
authenticated,public,admin_agences_en_attente,INSERT
authenticated,public,admin_agences_en_attente,REFERENCES
authenticated,public,admin_agences_en_attente,SELECT
authenticated,public,admin_agences_en_attente,TRIGGER
authenticated,public,admin_agences_en_attente,TRUNCATE
authenticated,public,admin_agences_en_attente,UPDATE
postgres,public,admin_agences_en_attente,DELETE
postgres,public,admin_agences_en_attente,INSERT
postgres,public,admin_agences_en_attente,REFERENCES
postgres,public,admin_agences_en_attente,SELECT
postgres,public,admin_agences_en_attente,TRIGGER
postgres,public,admin_agences_en_attente,TRUNCATE
postgres,public,admin_agences_en_attente,UPDATE
service_role,public,admin_agences_en_attente,DELETE
service_role,public,admin_agences_en_attente,INSERT
service_role,public,admin_agences_en_attente,REFERENCES
service_role,public,admin_agences_en_attente,SELECT
service_role,public,admin_agences_en_attente,TRIGGER
service_role,public,admin_agences_en_attente,TRUNCATE
service_role,public,admin_agences_en_attente,UPDATE
anon,public,admin_dashboard,DELETE
anon,public,admin_dashboard,INSERT
anon,public,admin_dashboard,REFERENCES
anon,public,admin_dashboard,SELECT
anon,public,admin_dashboard,TRIGGER
anon,public,admin_dashboard,TRUNCATE
anon,public,admin_dashboard,UPDATE
authenticated,public,admin_dashboard,DELETE
authenticated,public,admin_dashboard,INSERT
authenticated,public,admin_dashboard,REFERENCES
authenticated,public,admin_dashboard,SELECT
authenticated,public,admin_dashboard,TRIGGER
authenticated,public,admin_dashboard,TRUNCATE
authenticated,public,admin_dashboard,UPDATE
postgres,public,admin_dashboard,DELETE
postgres,public,admin_dashboard,INSERT
postgres,public,admin_dashboard,REFERENCES
postgres,public,admin_dashboard,SELECT
postgres,public,admin_dashboard,TRIGGER
postgres,public,admin_dashboard,TRUNCATE
postgres,public,admin_dashboard,UPDATE
service_role,public,admin_dashboard,DELETE
service_role,public,admin_dashboard,INSERT
service_role,public,admin_dashboard,REFERENCES
service_role,public,admin_dashboard,SELECT
service_role,public,admin_dashboard,TRIGGER
service_role,public,admin_dashboard,TRUNCATE
service_role,public,admin_dashboard,UPDATE
anon,public,admin_stats_entreprises,DELETE
anon,public,admin_stats_entreprises,INSERT
anon,public,admin_stats_entreprises,REFERENCES
anon,public,admin_stats_entreprises,SELECT
anon,public,admin_stats_entreprises,TRIGGER
anon,public,admin_stats_entreprises,TRUNCATE
anon,public,admin_stats_entreprises,UPDATE
authenticated,public,admin_stats_entreprises,DELETE
authenticated,public,admin_stats_entreprises,INSERT
authenticated,public,admin_stats_entreprises,REFERENCES
authenticated,public,admin_stats_entreprises,SELECT
authenticated,public,admin_stats_entreprises,TRIGGER
authenticated,public,admin_stats_entreprises,TRUNCATE
authenticated,public,admin_stats_entreprises,UPDATE
postgres,public,admin_stats_entreprises,DELETE
postgres,public,admin_stats_entreprises,INSERT
postgres,public,admin_stats_entreprises,REFERENCES
postgres,public,admin_stats_entreprises,SELECT
postgres,public,admin_stats_entreprises,TRIGGER
postgres,public,admin_stats_entreprises,TRUNCATE
postgres,public,admin_stats_entreprises,UPDATE
service_role,public,admin_stats_entreprises,DELETE
service_role,public,admin_stats_entreprises,INSERT
service_role,public,admin_stats_entreprises,REFERENCES
service_role,public,admin_stats_entreprises,SELECT
service_role,public,admin_stats_entreprises,TRIGGER
service_role,public,admin_stats_entreprises,TRUNCATE
service_role,public,admin_stats_entreprises,UPDATE
anon,public,admin_stats_evolution,DELETE
anon,public,admin_stats_evolution,INSERT
anon,public,admin_stats_evolution,REFERENCES
anon,public,admin_stats_evolution,SELECT
anon,public,admin_stats_evolution,TRIGGER
anon,public,admin_stats_evolution,TRUNCATE
anon,public,admin_stats_evolution,UPDATE
authenticated,public,admin_stats_evolution,DELETE
authenticated,public,admin_stats_evolution,INSERT
authenticated,public,admin_stats_evolution,REFERENCES
authenticated,public,admin_stats_evolution,SELECT
authenticated,public,admin_stats_evolution,TRIGGER
authenticated,public,admin_stats_evolution,TRUNCATE
authenticated,public,admin_stats_evolution,UPDATE
postgres,public,admin_stats_evolution,DELETE
postgres,public,admin_stats_evolution,INSERT
postgres,public,admin_stats_evolution,REFERENCES
postgres,public,admin_stats_evolution,SELECT
postgres,public,admin_stats_evolution,TRIGGER
postgres,public,admin_stats_evolution,TRUNCATE
postgres,public,admin_stats_evolution,UPDATE
service_role,public,admin_stats_evolution,DELETE
service_role,public,admin_stats_evolution,INSERT
service_role,public,admin_stats_evolution,REFERENCES
service_role,public,admin_stats_evolution,SELECT
service_role,public,admin_stats_evolution,TRIGGER
service_role,public,admin_stats_evolution,TRUNCATE
service_role,public,admin_stats_evolution,UPDATE
anon,public,admin_stats_immeubles,DELETE
anon,public,admin_stats_immeubles,INSERT
anon,public,admin_stats_immeubles,REFERENCES
anon,public,admin_stats_immeubles,SELECT
anon,public,admin_stats_immeubles,TRIGGER
anon,public,admin_stats_immeubles,TRUNCATE
anon,public,admin_stats_immeubles,UPDATE
authenticated,public,admin_stats_immeubles,DELETE
authenticated,public,admin_stats_immeubles,INSERT
authenticated,public,admin_stats_immeubles,REFERENCES
authenticated,public,admin_stats_immeubles,SELECT
authenticated,public,admin_stats_immeubles,TRIGGER
authenticated,public,admin_stats_immeubles,TRUNCATE
authenticated,public,admin_stats_immeubles,UPDATE
postgres,public,admin_stats_immeubles,DELETE
postgres,public,admin_stats_immeubles,INSERT
postgres,public,admin_stats_immeubles,REFERENCES
postgres,public,admin_stats_immeubles,SELECT
postgres,public,admin_stats_immeubles,TRIGGER
postgres,public,admin_stats_immeubles,TRUNCATE
postgres,public,admin_stats_immeubles,UPDATE
service_role,public,admin_stats_immeubles,DELETE
service_role,public,admin_stats_immeubles,INSERT
service_role,public,admin_stats_immeubles,REFERENCES
service_role,public,admin_stats_immeubles,SELECT
service_role,public,admin_stats_immeubles,TRIGGER
service_role,public,admin_stats_immeubles,TRUNCATE
service_role,public,admin_stats_immeubles,UPDATE
anon,public,admin_stats_locataires,DELETE
anon,public,admin_stats_locataires,INSERT
anon,public,admin_stats_locataires,REFERENCES
anon,public,admin_stats_locataires,SELECT
anon,public,admin_stats_locataires,TRIGGER
anon,public,admin_stats_locataires,TRUNCATE
anon,public,admin_stats_locataires,UPDATE
authenticated,public,admin_stats_locataires,DELETE
authenticated,public,admin_stats_locataires,INSERT
authenticated,public,admin_stats_locataires,REFERENCES
authenticated,public,admin_stats_locataires,SELECT
authenticated,public,admin_stats_locataires,TRIGGER
authenticated,public,admin_stats_locataires,TRUNCATE
authenticated,public,admin_stats_locataires,UPDATE
postgres,public,admin_stats_locataires,DELETE
postgres,public,admin_stats_locataires,INSERT
postgres,public,admin_stats_locataires,REFERENCES
postgres,public,admin_stats_locataires,SELECT
postgres,public,admin_stats_locataires,TRIGGER
postgres,public,admin_stats_locataires,TRUNCATE
postgres,public,admin_stats_locataires,UPDATE
service_role,public,admin_stats_locataires,DELETE
service_role,public,admin_stats_locataires,INSERT
service_role,public,admin_stats_locataires,REFERENCES
service_role,public,admin_stats_locataires,SELECT
service_role,public,admin_stats_locataires,TRIGGER
service_role,public,admin_stats_locataires,TRUNCATE
service_role,public,admin_stats_locataires,UPDATE
anon,public,admin_stats_logements,DELETE
anon,public,admin_stats_logements,INSERT
anon,public,admin_stats_logements,REFERENCES
anon,public,admin_stats_logements,SELECT
anon,public,admin_stats_logements,TRIGGER
anon,public,admin_stats_logements,TRUNCATE
anon,public,admin_stats_logements,UPDATE
authenticated,public,admin_stats_logements,DELETE
authenticated,public,admin_stats_logements,INSERT
authenticated,public,admin_stats_logements,REFERENCES
authenticated,public,admin_stats_logements,SELECT
authenticated,public,admin_stats_logements,TRIGGER
authenticated,public,admin_stats_logements,TRUNCATE
authenticated,public,admin_stats_logements,UPDATE
postgres,public,admin_stats_logements,DELETE
postgres,public,admin_stats_logements,INSERT
postgres,public,admin_stats_logements,REFERENCES
postgres,public,admin_stats_logements,SELECT
postgres,public,admin_stats_logements,TRIGGER
postgres,public,admin_stats_logements,TRUNCATE
postgres,public,admin_stats_logements,UPDATE
service_role,public,admin_stats_logements,DELETE
service_role,public,admin_stats_logements,INSERT
service_role,public,admin_stats_logements,REFERENCES
service_role,public,admin_stats_logements,SELECT
service_role,public,admin_stats_logements,TRIGGER
service_role,public,admin_stats_logements,TRUNCATE
service_role,public,admin_stats_logements,UPDATE
anon,public,admin_stats_regies,DELETE
anon,public,admin_stats_regies,INSERT
anon,public,admin_stats_regies,REFERENCES
anon,public,admin_stats_regies,SELECT
anon,public,admin_stats_regies,TRIGGER
anon,public,admin_stats_regies,TRUNCATE
anon,public,admin_stats_regies,UPDATE
authenticated,public,admin_stats_regies,DELETE
authenticated,public,admin_stats_regies,INSERT
authenticated,public,admin_stats_regies,REFERENCES
authenticated,public,admin_stats_regies,SELECT
authenticated,public,admin_stats_regies,TRIGGER
authenticated,public,admin_stats_regies,TRUNCATE
authenticated,public,admin_stats_regies,UPDATE
postgres,public,admin_stats_regies,DELETE
postgres,public,admin_stats_regies,INSERT
postgres,public,admin_stats_regies,REFERENCES
postgres,public,admin_stats_regies,SELECT
postgres,public,admin_stats_regies,TRIGGER
postgres,public,admin_stats_regies,TRUNCATE
postgres,public,admin_stats_regies,UPDATE
service_role,public,admin_stats_regies,DELETE
service_role,public,admin_stats_regies,INSERT
service_role,public,admin_stats_regies,REFERENCES
service_role,public,admin_stats_regies,SELECT
service_role,public,admin_stats_regies,TRIGGER
service_role,public,admin_stats_regies,TRUNCATE
service_role,public,admin_stats_regies,UPDATE
anon,public,admin_stats_tickets,DELETE
anon,public,admin_stats_tickets,INSERT
anon,public,admin_stats_tickets,REFERENCES
anon,public,admin_stats_tickets,SELECT
anon,public,admin_stats_tickets,TRIGGER
anon,public,admin_stats_tickets,TRUNCATE
anon,public,admin_stats_tickets,UPDATE
authenticated,public,admin_stats_tickets,DELETE
authenticated,public,admin_stats_tickets,INSERT
authenticated,public,admin_stats_tickets,REFERENCES
authenticated,public,admin_stats_tickets,SELECT
authenticated,public,admin_stats_tickets,TRIGGER
authenticated,public,admin_stats_tickets,TRUNCATE
authenticated,public,admin_stats_tickets,UPDATE
postgres,public,admin_stats_tickets,DELETE
postgres,public,admin_stats_tickets,INSERT
postgres,public,admin_stats_tickets,REFERENCES
postgres,public,admin_stats_tickets,SELECT
postgres,public,admin_stats_tickets,TRIGGER
postgres,public,admin_stats_tickets,TRUNCATE
postgres,public,admin_stats_tickets,UPDATE
service_role,public,admin_stats_tickets,DELETE
service_role,public,admin_stats_tickets,INSERT
service_role,public,admin_stats_tickets,REFERENCES
service_role,public,admin_stats_tickets,SELECT
service_role,public,admin_stats_tickets,TRIGGER
service_role,public,admin_stats_tickets,TRUNCATE
service_role,public,admin_stats_tickets,UPDATE
anon,public,admin_stats_tickets_categories,DELETE
anon,public,admin_stats_tickets_categories,INSERT
anon,public,admin_stats_tickets_categories,REFERENCES
anon,public,admin_stats_tickets_categories,SELECT
anon,public,admin_stats_tickets_categories,TRIGGER
anon,public,admin_stats_tickets_categories,TRUNCATE
anon,public,admin_stats_tickets_categories,UPDATE
authenticated,public,admin_stats_tickets_categories,DELETE
authenticated,public,admin_stats_tickets_categories,INSERT
authenticated,public,admin_stats_tickets_categories,REFERENCES
authenticated,public,admin_stats_tickets_categories,SELECT
authenticated,public,admin_stats_tickets_categories,TRIGGER
authenticated,public,admin_stats_tickets_categories,TRUNCATE
authenticated,public,admin_stats_tickets_categories,UPDATE
postgres,public,admin_stats_tickets_categories,DELETE
postgres,public,admin_stats_tickets_categories,INSERT
postgres,public,admin_stats_tickets_categories,REFERENCES
postgres,public,admin_stats_tickets_categories,SELECT
postgres,public,admin_stats_tickets_categories,TRIGGER
postgres,public,admin_stats_tickets_categories,TRUNCATE
postgres,public,admin_stats_tickets_categories,UPDATE
service_role,public,admin_stats_tickets_categories,DELETE
service_role,public,admin_stats_tickets_categories,INSERT
service_role,public,admin_stats_tickets_categories,REFERENCES
service_role,public,admin_stats_tickets_categories,SELECT
service_role,public,admin_stats_tickets_categories,TRIGGER
service_role,public,admin_stats_tickets_categories,TRUNCATE
service_role,public,admin_stats_tickets_categories,UPDATE
anon,public,admin_stats_tickets_priorites,DELETE
anon,public,admin_stats_tickets_priorites,INSERT
anon,public,admin_stats_tickets_priorites,REFERENCES
anon,public,admin_stats_tickets_priorites,SELECT
anon,public,admin_stats_tickets_priorites,TRIGGER
anon,public,admin_stats_tickets_priorites,TRUNCATE
anon,public,admin_stats_tickets_priorites,UPDATE
authenticated,public,admin_stats_tickets_priorites,DELETE
authenticated,public,admin_stats_tickets_priorites,INSERT
authenticated,public,admin_stats_tickets_priorites,REFERENCES
authenticated,public,admin_stats_tickets_priorites,SELECT
authenticated,public,admin_stats_tickets_priorites,TRIGGER
authenticated,public,admin_stats_tickets_priorites,TRUNCATE
authenticated,public,admin_stats_tickets_priorites,UPDATE
postgres,public,admin_stats_tickets_priorites,DELETE
postgres,public,admin_stats_tickets_priorites,INSERT
postgres,public,admin_stats_tickets_priorites,REFERENCES
postgres,public,admin_stats_tickets_priorites,SELECT
postgres,public,admin_stats_tickets_priorites,TRIGGER
postgres,public,admin_stats_tickets_priorites,TRUNCATE
postgres,public,admin_stats_tickets_priorites,UPDATE
service_role,public,admin_stats_tickets_priorites,DELETE
service_role,public,admin_stats_tickets_priorites,INSERT
service_role,public,admin_stats_tickets_priorites,REFERENCES
service_role,public,admin_stats_tickets_priorites,SELECT
service_role,public,admin_stats_tickets_priorites,TRIGGER
service_role,public,admin_stats_tickets_priorites,TRUNCATE
service_role,public,admin_stats_tickets_priorites,UPDATE
anon,public,entreprises,DELETE
anon,public,entreprises,INSERT
anon,public,entreprises,REFERENCES
anon,public,entreprises,SELECT
anon,public,entreprises,TRIGGER
anon,public,entreprises,TRUNCATE
anon,public,entreprises,UPDATE
authenticated,public,entreprises,DELETE
authenticated,public,entreprises,INSERT
authenticated,public,entreprises,REFERENCES
authenticated,public,entreprises,SELECT
authenticated,public,entreprises,TRIGGER
authenticated,public,entreprises,TRUNCATE
authenticated,public,entreprises,UPDATE
postgres,public,entreprises,DELETE
postgres,public,entreprises,INSERT
postgres,public,entreprises,REFERENCES
postgres,public,entreprises,SELECT
postgres,public,entreprises,TRIGGER
postgres,public,entreprises,TRUNCATE
postgres,public,entreprises,UPDATE
service_role,public,entreprises,DELETE
service_role,public,entreprises,INSERT
service_role,public,entreprises,REFERENCES
service_role,public,entreprises,SELECT
service_role,public,entreprises,TRIGGER
service_role,public,entreprises,TRUNCATE
service_role,public,entreprises,UPDATE
anon,public,factures,DELETE
anon,public,factures,INSERT
anon,public,factures,REFERENCES
anon,public,factures,SELECT
anon,public,factures,TRIGGER
anon,public,factures,TRUNCATE
anon,public,factures,UPDATE
authenticated,public,factures,DELETE
authenticated,public,factures,INSERT
authenticated,public,factures,REFERENCES
authenticated,public,factures,SELECT
authenticated,public,factures,TRIGGER
authenticated,public,factures,TRUNCATE
authenticated,public,factures,UPDATE
postgres,public,factures,DELETE
postgres,public,factures,INSERT
postgres,public,factures,REFERENCES
postgres,public,factures,SELECT
postgres,public,factures,TRIGGER
postgres,public,factures,TRUNCATE
postgres,public,factures,UPDATE
service_role,public,factures,DELETE
service_role,public,factures,INSERT
service_role,public,factures,REFERENCES
service_role,public,factures,SELECT
service_role,public,factures,TRIGGER
service_role,public,factures,TRUNCATE
service_role,public,factures,UPDATE
anon,public,factures_commissions_jtec,DELETE
anon,public,factures_commissions_jtec,INSERT
anon,public,factures_commissions_jtec,REFERENCES
anon,public,factures_commissions_jtec,SELECT
anon,public,factures_commissions_jtec,TRIGGER
anon,public,factures_commissions_jtec,TRUNCATE
anon,public,factures_commissions_jtec,UPDATE
authenticated,public,factures_commissions_jtec,DELETE
authenticated,public,factures_commissions_jtec,INSERT
authenticated,public,factures_commissions_jtec,REFERENCES
authenticated,public,factures_commissions_jtec,SELECT
authenticated,public,factures_commissions_jtec,TRIGGER
authenticated,public,factures_commissions_jtec,TRUNCATE
authenticated,public,factures_commissions_jtec,UPDATE
postgres,public,factures_commissions_jtec,DELETE
postgres,public,factures_commissions_jtec,INSERT
postgres,public,factures_commissions_jtec,REFERENCES
postgres,public,factures_commissions_jtec,SELECT
postgres,public,factures_commissions_jtec,TRIGGER
postgres,public,factures_commissions_jtec,TRUNCATE
postgres,public,factures_commissions_jtec,UPDATE
service_role,public,factures_commissions_jtec,DELETE
service_role,public,factures_commissions_jtec,INSERT
service_role,public,factures_commissions_jtec,REFERENCES
service_role,public,factures_commissions_jtec,SELECT
service_role,public,factures_commissions_jtec,TRIGGER
service_role,public,factures_commissions_jtec,TRUNCATE
service_role,public,factures_commissions_jtec,UPDATE
anon,public,factures_stats,DELETE
anon,public,factures_stats,INSERT
anon,public,factures_stats,REFERENCES
anon,public,factures_stats,SELECT
anon,public,factures_stats,TRIGGER
anon,public,factures_stats,TRUNCATE
anon,public,factures_stats,UPDATE
authenticated,public,factures_stats,DELETE
authenticated,public,factures_stats,INSERT
authenticated,public,factures_stats,REFERENCES
authenticated,public,factures_stats,SELECT
authenticated,public,factures_stats,TRIGGER
authenticated,public,factures_stats,TRUNCATE
authenticated,public,factures_stats,UPDATE
postgres,public,factures_stats,DELETE
postgres,public,factures_stats,INSERT
postgres,public,factures_stats,REFERENCES
postgres,public,factures_stats,SELECT
postgres,public,factures_stats,TRIGGER
postgres,public,factures_stats,TRUNCATE
postgres,public,factures_stats,UPDATE
service_role,public,factures_stats,DELETE
service_role,public,factures_stats,INSERT
service_role,public,factures_stats,REFERENCES
service_role,public,factures_stats,SELECT
service_role,public,factures_stats,TRIGGER
service_role,public,factures_stats,TRUNCATE
service_role,public,factures_stats,UPDATE
anon,public,immeubles,DELETE
anon,public,immeubles,INSERT
anon,public,immeubles,REFERENCES
anon,public,immeubles,SELECT
anon,public,immeubles,TRIGGER
anon,public,immeubles,TRUNCATE
anon,public,immeubles,UPDATE
authenticated,public,immeubles,DELETE
authenticated,public,immeubles,INSERT
authenticated,public,immeubles,REFERENCES
authenticated,public,immeubles,SELECT
authenticated,public,immeubles,TRIGGER
authenticated,public,immeubles,TRUNCATE
authenticated,public,immeubles,UPDATE
postgres,public,immeubles,DELETE
postgres,public,immeubles,INSERT
postgres,public,immeubles,REFERENCES
postgres,public,immeubles,SELECT
postgres,public,immeubles,TRIGGER
postgres,public,immeubles,TRUNCATE
postgres,public,immeubles,UPDATE
service_role,public,immeubles,DELETE
service_role,public,immeubles,INSERT
service_role,public,immeubles,REFERENCES
service_role,public,immeubles,SELECT
service_role,public,immeubles,TRIGGER
service_role,public,immeubles,TRUNCATE
service_role,public,immeubles,UPDATE
anon,public,locataires,DELETE
anon,public,locataires,INSERT
anon,public,locataires,REFERENCES
anon,public,locataires,SELECT
anon,public,locataires,TRIGGER
anon,public,locataires,TRUNCATE
anon,public,locataires,UPDATE
authenticated,public,locataires,DELETE
authenticated,public,locataires,INSERT
authenticated,public,locataires,REFERENCES
authenticated,public,locataires,SELECT
authenticated,public,locataires,TRIGGER
authenticated,public,locataires,TRUNCATE
authenticated,public,locataires,UPDATE
postgres,public,locataires,DELETE
postgres,public,locataires,INSERT
postgres,public,locataires,REFERENCES
postgres,public,locataires,SELECT
postgres,public,locataires,TRIGGER
postgres,public,locataires,TRUNCATE
postgres,public,locataires,UPDATE
service_role,public,locataires,DELETE
service_role,public,locataires,INSERT
service_role,public,locataires,REFERENCES
service_role,public,locataires,SELECT
service_role,public,locataires,TRIGGER
service_role,public,locataires,TRUNCATE
service_role,public,locataires,UPDATE
anon,public,logements,DELETE
anon,public,logements,INSERT
anon,public,logements,REFERENCES
anon,public,logements,SELECT
anon,public,logements,TRIGGER
anon,public,logements,TRUNCATE
anon,public,logements,UPDATE
authenticated,public,logements,DELETE
authenticated,public,logements,INSERT
authenticated,public,logements,REFERENCES
authenticated,public,logements,SELECT
authenticated,public,logements,TRIGGER
authenticated,public,logements,TRUNCATE
authenticated,public,logements,UPDATE
postgres,public,logements,DELETE
postgres,public,logements,INSERT
postgres,public,logements,REFERENCES
postgres,public,logements,SELECT
postgres,public,logements,TRIGGER
postgres,public,logements,TRUNCATE
postgres,public,logements,UPDATE
service_role,public,logements,DELETE
service_role,public,logements,INSERT
service_role,public,logements,REFERENCES
service_role,public,logements,SELECT
service_role,public,logements,TRIGGER
service_role,public,logements,TRUNCATE
service_role,public,logements,UPDATE
anon,public,messages,DELETE
anon,public,messages,INSERT
anon,public,messages,REFERENCES
anon,public,messages,SELECT
anon,public,messages,TRIGGER
anon,public,messages,TRUNCATE
anon,public,messages,UPDATE
authenticated,public,messages,DELETE
authenticated,public,messages,INSERT
authenticated,public,messages,REFERENCES
authenticated,public,messages,SELECT
authenticated,public,messages,TRIGGER
authenticated,public,messages,TRUNCATE
authenticated,public,messages,UPDATE
postgres,public,messages,DELETE
postgres,public,messages,INSERT
postgres,public,messages,REFERENCES
postgres,public,messages,SELECT
postgres,public,messages,TRIGGER
postgres,public,messages,TRUNCATE
postgres,public,messages,UPDATE
service_role,public,messages,DELETE
service_role,public,messages,INSERT
service_role,public,messages,REFERENCES
service_role,public,messages,SELECT
service_role,public,messages,TRIGGER
service_role,public,messages,TRUNCATE
service_role,public,messages,UPDATE
anon,public,migration_logs,DELETE
anon,public,migration_logs,INSERT
anon,public,migration_logs,REFERENCES
anon,public,migration_logs,SELECT
anon,public,migration_logs,TRIGGER
anon,public,migration_logs,TRUNCATE
anon,public,migration_logs,UPDATE
authenticated,public,migration_logs,DELETE
authenticated,public,migration_logs,INSERT
authenticated,public,migration_logs,REFERENCES
authenticated,public,migration_logs,SELECT
authenticated,public,migration_logs,TRIGGER
authenticated,public,migration_logs,TRUNCATE
authenticated,public,migration_logs,UPDATE
postgres,public,migration_logs,DELETE
postgres,public,migration_logs,INSERT
postgres,public,migration_logs,REFERENCES
postgres,public,migration_logs,SELECT
postgres,public,migration_logs,TRIGGER
postgres,public,migration_logs,TRUNCATE
postgres,public,migration_logs,UPDATE
service_role,public,migration_logs,DELETE
service_role,public,migration_logs,INSERT
service_role,public,migration_logs,REFERENCES
service_role,public,migration_logs,SELECT
service_role,public,migration_logs,TRIGGER
service_role,public,migration_logs,TRUNCATE
service_role,public,migration_logs,UPDATE
anon,public,missions,DELETE
anon,public,missions,INSERT
anon,public,missions,REFERENCES
anon,public,missions,SELECT
anon,public,missions,TRIGGER
anon,public,missions,TRUNCATE
anon,public,missions,UPDATE
authenticated,public,missions,DELETE
authenticated,public,missions,INSERT
authenticated,public,missions,REFERENCES
authenticated,public,missions,SELECT
authenticated,public,missions,TRIGGER
authenticated,public,missions,TRUNCATE
authenticated,public,missions,UPDATE
postgres,public,missions,DELETE
postgres,public,missions,INSERT
postgres,public,missions,REFERENCES
postgres,public,missions,SELECT
postgres,public,missions,TRIGGER
postgres,public,missions,TRUNCATE
postgres,public,missions,UPDATE
service_role,public,missions,DELETE
service_role,public,missions,INSERT
service_role,public,missions,REFERENCES
service_role,public,missions,SELECT
service_role,public,missions,TRIGGER
service_role,public,missions,TRUNCATE
service_role,public,missions,UPDATE
anon,public,notifications,DELETE
anon,public,notifications,INSERT
anon,public,notifications,REFERENCES
anon,public,notifications,SELECT
anon,public,notifications,TRIGGER
anon,public,notifications,TRUNCATE
anon,public,notifications,UPDATE
authenticated,public,notifications,DELETE
authenticated,public,notifications,INSERT
authenticated,public,notifications,REFERENCES
authenticated,public,notifications,SELECT
authenticated,public,notifications,TRIGGER
authenticated,public,notifications,TRUNCATE
authenticated,public,notifications,UPDATE
postgres,public,notifications,DELETE
postgres,public,notifications,INSERT
postgres,public,notifications,REFERENCES
postgres,public,notifications,SELECT
postgres,public,notifications,TRIGGER
postgres,public,notifications,TRUNCATE
postgres,public,notifications,UPDATE
service_role,public,notifications,DELETE
service_role,public,notifications,INSERT
service_role,public,notifications,REFERENCES
service_role,public,notifications,SELECT
service_role,public,notifications,TRIGGER
service_role,public,notifications,TRUNCATE
service_role,public,notifications,UPDATE
anon,public,plans,DELETE
anon,public,plans,INSERT
anon,public,plans,REFERENCES
anon,public,plans,SELECT
anon,public,plans,TRIGGER
anon,public,plans,TRUNCATE
anon,public,plans,UPDATE
authenticated,public,plans,DELETE
authenticated,public,plans,INSERT
authenticated,public,plans,REFERENCES
authenticated,public,plans,SELECT
authenticated,public,plans,TRIGGER
authenticated,public,plans,TRUNCATE
authenticated,public,plans,UPDATE
postgres,public,plans,DELETE
postgres,public,plans,INSERT
postgres,public,plans,REFERENCES
postgres,public,plans,SELECT
postgres,public,plans,TRIGGER
postgres,public,plans,TRUNCATE
postgres,public,plans,UPDATE
service_role,public,plans,DELETE
service_role,public,plans,INSERT
service_role,public,plans,REFERENCES
service_role,public,plans,SELECT
service_role,public,plans,TRIGGER
service_role,public,plans,TRUNCATE
service_role,public,plans,UPDATE
anon,public,profiles,DELETE
anon,public,profiles,INSERT
anon,public,profiles,REFERENCES
anon,public,profiles,SELECT
anon,public,profiles,TRIGGER
anon,public,profiles,TRUNCATE
anon,public,profiles,UPDATE
authenticated,public,profiles,DELETE
authenticated,public,profiles,INSERT
authenticated,public,profiles,REFERENCES
authenticated,public,profiles,SELECT
authenticated,public,profiles,TRIGGER
authenticated,public,profiles,TRUNCATE
authenticated,public,profiles,UPDATE
postgres,public,profiles,DELETE
postgres,public,profiles,INSERT
postgres,public,profiles,REFERENCES
postgres,public,profiles,SELECT
postgres,public,profiles,TRIGGER
postgres,public,profiles,TRUNCATE
postgres,public,profiles,UPDATE
service_role,public,profiles,DELETE
service_role,public,profiles,INSERT
service_role,public,profiles,REFERENCES
service_role,public,profiles,SELECT
service_role,public,profiles,TRIGGER
service_role,public,profiles,TRUNCATE
service_role,public,profiles,UPDATE
anon,public,profiles_backup_20241220,DELETE
anon,public,profiles_backup_20241220,INSERT
anon,public,profiles_backup_20241220,REFERENCES
anon,public,profiles_backup_20241220,SELECT
anon,public,profiles_backup_20241220,TRIGGER
anon,public,profiles_backup_20241220,TRUNCATE
anon,public,profiles_backup_20241220,UPDATE
authenticated,public,profiles_backup_20241220,DELETE
authenticated,public,profiles_backup_20241220,INSERT
authenticated,public,profiles_backup_20241220,REFERENCES
authenticated,public,profiles_backup_20241220,SELECT
authenticated,public,profiles_backup_20241220,TRIGGER
authenticated,public,profiles_backup_20241220,TRUNCATE
authenticated,public,profiles_backup_20241220,UPDATE
postgres,public,profiles_backup_20241220,DELETE
postgres,public,profiles_backup_20241220,INSERT
postgres,public,profiles_backup_20241220,REFERENCES
postgres,public,profiles_backup_20241220,SELECT
postgres,public,profiles_backup_20241220,TRIGGER
postgres,public,profiles_backup_20241220,TRUNCATE
postgres,public,profiles_backup_20241220,UPDATE
service_role,public,profiles_backup_20241220,DELETE
service_role,public,profiles_backup_20241220,INSERT
service_role,public,profiles_backup_20241220,REFERENCES
service_role,public,profiles_backup_20241220,SELECT
service_role,public,profiles_backup_20241220,TRIGGER
service_role,public,profiles_backup_20241220,TRUNCATE
service_role,public,profiles_backup_20241220,UPDATE
anon,public,quotas_usage,DELETE
anon,public,quotas_usage,INSERT
anon,public,quotas_usage,REFERENCES
anon,public,quotas_usage,SELECT
anon,public,quotas_usage,TRIGGER
anon,public,quotas_usage,TRUNCATE
anon,public,quotas_usage,UPDATE
authenticated,public,quotas_usage,DELETE
authenticated,public,quotas_usage,INSERT
authenticated,public,quotas_usage,REFERENCES
authenticated,public,quotas_usage,SELECT
authenticated,public,quotas_usage,TRIGGER
authenticated,public,quotas_usage,TRUNCATE
authenticated,public,quotas_usage,UPDATE
postgres,public,quotas_usage,DELETE
postgres,public,quotas_usage,INSERT
postgres,public,quotas_usage,REFERENCES
postgres,public,quotas_usage,SELECT
postgres,public,quotas_usage,TRIGGER
postgres,public,quotas_usage,TRUNCATE
postgres,public,quotas_usage,UPDATE
service_role,public,quotas_usage,DELETE
service_role,public,quotas_usage,INSERT
service_role,public,quotas_usage,REFERENCES
service_role,public,quotas_usage,SELECT
service_role,public,quotas_usage,TRIGGER
service_role,public,quotas_usage,TRUNCATE
service_role,public,quotas_usage,UPDATE
anon,public,regies,DELETE
anon,public,regies,INSERT
anon,public,regies,REFERENCES
anon,public,regies,SELECT
anon,public,regies,TRIGGER
anon,public,regies,TRUNCATE
anon,public,regies,UPDATE
authenticated,public,regies,DELETE
authenticated,public,regies,INSERT
authenticated,public,regies,REFERENCES
authenticated,public,regies,SELECT
authenticated,public,regies,TRIGGER
authenticated,public,regies,TRUNCATE
authenticated,public,regies,UPDATE
postgres,public,regies,DELETE
postgres,public,regies,INSERT
postgres,public,regies,REFERENCES
postgres,public,regies,SELECT
postgres,public,regies,TRIGGER
postgres,public,regies,TRUNCATE
postgres,public,regies,UPDATE
service_role,public,regies,DELETE
service_role,public,regies,INSERT
service_role,public,regies,REFERENCES
service_role,public,regies,SELECT
service_role,public,regies,TRIGGER
service_role,public,regies,TRUNCATE
service_role,public,regies,UPDATE
anon,public,regies_backup_20241220,DELETE
anon,public,regies_backup_20241220,INSERT
anon,public,regies_backup_20241220,REFERENCES
anon,public,regies_backup_20241220,SELECT
anon,public,regies_backup_20241220,TRIGGER
anon,public,regies_backup_20241220,TRUNCATE
anon,public,regies_backup_20241220,UPDATE
authenticated,public,regies_backup_20241220,DELETE
authenticated,public,regies_backup_20241220,INSERT
authenticated,public,regies_backup_20241220,REFERENCES
authenticated,public,regies_backup_20241220,SELECT
authenticated,public,regies_backup_20241220,TRIGGER
authenticated,public,regies_backup_20241220,TRUNCATE
authenticated,public,regies_backup_20241220,UPDATE
postgres,public,regies_backup_20241220,DELETE
postgres,public,regies_backup_20241220,INSERT
postgres,public,regies_backup_20241220,REFERENCES
postgres,public,regies_backup_20241220,SELECT
postgres,public,regies_backup_20241220,TRIGGER
postgres,public,regies_backup_20241220,TRUNCATE
postgres,public,regies_backup_20241220,UPDATE
service_role,public,regies_backup_20241220,DELETE
service_role,public,regies_backup_20241220,INSERT
service_role,public,regies_backup_20241220,REFERENCES
service_role,public,regies_backup_20241220,SELECT
service_role,public,regies_backup_20241220,TRIGGER
service_role,public,regies_backup_20241220,TRUNCATE
service_role,public,regies_backup_20241220,UPDATE
anon,public,regies_entreprises,DELETE
anon,public,regies_entreprises,INSERT
anon,public,regies_entreprises,REFERENCES
anon,public,regies_entreprises,SELECT
anon,public,regies_entreprises,TRIGGER
anon,public,regies_entreprises,TRUNCATE
anon,public,regies_entreprises,UPDATE
authenticated,public,regies_entreprises,DELETE
authenticated,public,regies_entreprises,INSERT
authenticated,public,regies_entreprises,REFERENCES
authenticated,public,regies_entreprises,SELECT
authenticated,public,regies_entreprises,TRIGGER
authenticated,public,regies_entreprises,TRUNCATE
authenticated,public,regies_entreprises,UPDATE
postgres,public,regies_entreprises,DELETE
postgres,public,regies_entreprises,INSERT
postgres,public,regies_entreprises,REFERENCES
postgres,public,regies_entreprises,SELECT
postgres,public,regies_entreprises,TRIGGER
postgres,public,regies_entreprises,TRUNCATE
postgres,public,regies_entreprises,UPDATE
service_role,public,regies_entreprises,DELETE
service_role,public,regies_entreprises,INSERT
service_role,public,regies_entreprises,REFERENCES
service_role,public,regies_entreprises,SELECT
service_role,public,regies_entreprises,TRIGGER
service_role,public,regies_entreprises,TRUNCATE
service_role,public,regies_entreprises,UPDATE
anon,public,techniciens,DELETE
anon,public,techniciens,INSERT
anon,public,techniciens,REFERENCES
anon,public,techniciens,SELECT
anon,public,techniciens,TRIGGER
anon,public,techniciens,TRUNCATE
anon,public,techniciens,UPDATE
authenticated,public,techniciens,DELETE
authenticated,public,techniciens,INSERT
authenticated,public,techniciens,REFERENCES
authenticated,public,techniciens,SELECT
authenticated,public,techniciens,TRIGGER
authenticated,public,techniciens,TRUNCATE
authenticated,public,techniciens,UPDATE
postgres,public,techniciens,DELETE
postgres,public,techniciens,INSERT
postgres,public,techniciens,REFERENCES
postgres,public,techniciens,SELECT
postgres,public,techniciens,TRIGGER
postgres,public,techniciens,TRUNCATE
postgres,public,techniciens,UPDATE
service_role,public,techniciens,DELETE
service_role,public,techniciens,INSERT
service_role,public,techniciens,REFERENCES
service_role,public,techniciens,SELECT
service_role,public,techniciens,TRIGGER
service_role,public,techniciens,TRUNCATE
service_role,public,techniciens,UPDATE
anon,public,tickets,DELETE
anon,public,tickets,INSERT
anon,public,tickets,REFERENCES
anon,public,tickets,SELECT
anon,public,tickets,TRIGGER
anon,public,tickets,TRUNCATE
anon,public,tickets,UPDATE
authenticated,public,tickets,DELETE
authenticated,public,tickets,INSERT
authenticated,public,tickets,REFERENCES
authenticated,public,tickets,SELECT
authenticated,public,tickets,TRIGGER
authenticated,public,tickets,TRUNCATE
authenticated,public,tickets,UPDATE
postgres,public,tickets,DELETE
postgres,public,tickets,INSERT
postgres,public,tickets,REFERENCES
postgres,public,tickets,SELECT
postgres,public,tickets,TRIGGER
postgres,public,tickets,TRUNCATE
postgres,public,tickets,UPDATE
service_role,public,tickets,DELETE
service_role,public,tickets,INSERT
service_role,public,tickets,REFERENCES
service_role,public,tickets,SELECT
service_role,public,tickets,TRIGGER
service_role,public,tickets,TRUNCATE
service_role,public,tickets,UPDATE
anon,public,tickets_complets,DELETE
anon,public,tickets_complets,INSERT
anon,public,tickets_complets,REFERENCES
anon,public,tickets_complets,SELECT
anon,public,tickets_complets,TRIGGER
anon,public,tickets_complets,TRUNCATE
anon,public,tickets_complets,UPDATE
authenticated,public,tickets_complets,DELETE
authenticated,public,tickets_complets,INSERT
authenticated,public,tickets_complets,REFERENCES
authenticated,public,tickets_complets,SELECT
authenticated,public,tickets_complets,TRIGGER
authenticated,public,tickets_complets,TRUNCATE
authenticated,public,tickets_complets,UPDATE
postgres,public,tickets_complets,DELETE
postgres,public,tickets_complets,INSERT
postgres,public,tickets_complets,REFERENCES
postgres,public,tickets_complets,SELECT
postgres,public,tickets_complets,TRIGGER
postgres,public,tickets_complets,TRUNCATE
postgres,public,tickets_complets,UPDATE
service_role,public,tickets_complets,DELETE
service_role,public,tickets_complets,INSERT
service_role,public,tickets_complets,REFERENCES
service_role,public,tickets_complets,SELECT
service_role,public,tickets_complets,TRIGGER
service_role,public,tickets_complets,TRUNCATE
service_role,public,tickets_complets,UPDATE
anon,public,tickets_disponibilites,DELETE
anon,public,tickets_disponibilites,INSERT
anon,public,tickets_disponibilites,REFERENCES
anon,public,tickets_disponibilites,SELECT
anon,public,tickets_disponibilites,TRIGGER
anon,public,tickets_disponibilites,TRUNCATE
anon,public,tickets_disponibilites,UPDATE
authenticated,public,tickets_disponibilites,DELETE
authenticated,public,tickets_disponibilites,INSERT
authenticated,public,tickets_disponibilites,REFERENCES
authenticated,public,tickets_disponibilites,SELECT
authenticated,public,tickets_disponibilites,TRIGGER
authenticated,public,tickets_disponibilites,TRUNCATE
authenticated,public,tickets_disponibilites,UPDATE
postgres,public,tickets_disponibilites,DELETE
postgres,public,tickets_disponibilites,INSERT
postgres,public,tickets_disponibilites,REFERENCES
postgres,public,tickets_disponibilites,SELECT
postgres,public,tickets_disponibilites,TRIGGER
postgres,public,tickets_disponibilites,TRUNCATE
postgres,public,tickets_disponibilites,UPDATE
service_role,public,tickets_disponibilites,DELETE
service_role,public,tickets_disponibilites,INSERT
service_role,public,tickets_disponibilites,REFERENCES
service_role,public,tickets_disponibilites,SELECT
service_role,public,tickets_disponibilites,TRIGGER
service_role,public,tickets_disponibilites,TRUNCATE
service_role,public,tickets_disponibilites,UPDATE
anon,public,tickets_visibles_entreprise,DELETE
anon,public,tickets_visibles_entreprise,INSERT
anon,public,tickets_visibles_entreprise,REFERENCES
anon,public,tickets_visibles_entreprise,SELECT
anon,public,tickets_visibles_entreprise,TRIGGER
anon,public,tickets_visibles_entreprise,TRUNCATE
anon,public,tickets_visibles_entreprise,UPDATE
authenticated,public,tickets_visibles_entreprise,DELETE
authenticated,public,tickets_visibles_entreprise,INSERT
authenticated,public,tickets_visibles_entreprise,REFERENCES
authenticated,public,tickets_visibles_entreprise,SELECT
authenticated,public,tickets_visibles_entreprise,TRIGGER
authenticated,public,tickets_visibles_entreprise,TRUNCATE
authenticated,public,tickets_visibles_entreprise,UPDATE
postgres,public,tickets_visibles_entreprise,DELETE
postgres,public,tickets_visibles_entreprise,INSERT
postgres,public,tickets_visibles_entreprise,REFERENCES
postgres,public,tickets_visibles_entreprise,SELECT
postgres,public,tickets_visibles_entreprise,TRIGGER
postgres,public,tickets_visibles_entreprise,TRUNCATE
postgres,public,tickets_visibles_entreprise,UPDATE
service_role,public,tickets_visibles_entreprise,DELETE
service_role,public,tickets_visibles_entreprise,INSERT
service_role,public,tickets_visibles_entreprise,REFERENCES
service_role,public,tickets_visibles_entreprise,SELECT
service_role,public,tickets_visibles_entreprise,TRIGGER
service_role,public,tickets_visibles_entreprise,TRUNCATE
service_role,public,tickets_visibles_entreprise,UPDATE
anon,realtime,messages,INSERT
anon,realtime,messages,SELECT
anon,realtime,messages,UPDATE
authenticated,realtime,messages,INSERT
authenticated,realtime,messages,SELECT
authenticated,realtime,messages,UPDATE
dashboard_user,realtime,messages,DELETE
dashboard_user,realtime,messages,INSERT
dashboard_user,realtime,messages,REFERENCES
dashboard_user,realtime,messages,SELECT
dashboard_user,realtime,messages,TRIGGER
dashboard_user,realtime,messages,TRUNCATE
dashboard_user,realtime,messages,UPDATE
postgres,realtime,messages,DELETE
postgres,realtime,messages,INSERT
postgres,realtime,messages,REFERENCES
postgres,realtime,messages,SELECT
postgres,realtime,messages,TRIGGER
postgres,realtime,messages,TRUNCATE
postgres,realtime,messages,UPDATE
service_role,realtime,messages,INSERT
service_role,realtime,messages,SELECT
service_role,realtime,messages,UPDATE
supabase_realtime_admin,realtime,messages,DELETE
supabase_realtime_admin,realtime,messages,INSERT
supabase_realtime_admin,realtime,messages,REFERENCES
supabase_realtime_admin,realtime,messages,SELECT
supabase_realtime_admin,realtime,messages,TRIGGER
supabase_realtime_admin,realtime,messages,TRUNCATE
supabase_realtime_admin,realtime,messages,UPDATE
anon,realtime,schema_migrations,SELECT
authenticated,realtime,schema_migrations,SELECT
postgres,realtime,schema_migrations,DELETE
postgres,realtime,schema_migrations,INSERT
postgres,realtime,schema_migrations,REFERENCES
postgres,realtime,schema_migrations,SELECT
postgres,realtime,schema_migrations,TRIGGER
postgres,realtime,schema_migrations,TRUNCATE
postgres,realtime,schema_migrations,UPDATE
service_role,realtime,schema_migrations,SELECT
supabase_realtime_admin,realtime,schema_migrations,DELETE
supabase_realtime_admin,realtime,schema_migrations,INSERT
supabase_realtime_admin,realtime,schema_migrations,REFERENCES
supabase_realtime_admin,realtime,schema_migrations,SELECT
supabase_realtime_admin,realtime,schema_migrations,TRIGGER
supabase_realtime_admin,realtime,schema_migrations,TRUNCATE
supabase_realtime_admin,realtime,schema_migrations,UPDATE
anon,realtime,subscription,SELECT
authenticated,realtime,subscription,SELECT
postgres,realtime,subscription,DELETE
postgres,realtime,subscription,INSERT
postgres,realtime,subscription,REFERENCES
postgres,realtime,subscription,SELECT
postgres,realtime,subscription,TRIGGER
postgres,realtime,subscription,TRUNCATE
postgres,realtime,subscription,UPDATE
service_role,realtime,subscription,SELECT
supabase_realtime_admin,realtime,subscription,DELETE
supabase_realtime_admin,realtime,subscription,INSERT
supabase_realtime_admin,realtime,subscription,REFERENCES
supabase_realtime_admin,realtime,subscription,SELECT
supabase_realtime_admin,realtime,subscription,TRIGGER
supabase_realtime_admin,realtime,subscription,TRUNCATE
supabase_realtime_admin,realtime,subscription,UPDATE
anon,storage,buckets,DELETE
anon,storage,buckets,INSERT
anon,storage,buckets,REFERENCES
anon,storage,buckets,SELECT
anon,storage,buckets,TRIGGER
anon,storage,buckets,TRUNCATE
anon,storage,buckets,UPDATE
authenticated,storage,buckets,DELETE
authenticated,storage,buckets,INSERT
authenticated,storage,buckets,REFERENCES
authenticated,storage,buckets,SELECT
authenticated,storage,buckets,TRIGGER
authenticated,storage,buckets,TRUNCATE
authenticated,storage,buckets,UPDATE
postgres,storage,buckets,DELETE
postgres,storage,buckets,INSERT
postgres,storage,buckets,REFERENCES
postgres,storage,buckets,SELECT
postgres,storage,buckets,TRIGGER
postgres,storage,buckets,TRUNCATE
postgres,storage,buckets,UPDATE
service_role,storage,buckets,DELETE
service_role,storage,buckets,INSERT
service_role,storage,buckets,REFERENCES
service_role,storage,buckets,SELECT
service_role,storage,buckets,TRIGGER
service_role,storage,buckets,TRUNCATE
service_role,storage,buckets,UPDATE
anon,storage,buckets_analytics,DELETE
anon,storage,buckets_analytics,INSERT
anon,storage,buckets_analytics,REFERENCES
anon,storage,buckets_analytics,SELECT
anon,storage,buckets_analytics,TRIGGER
anon,storage,buckets_analytics,TRUNCATE
anon,storage,buckets_analytics,UPDATE
authenticated,storage,buckets_analytics,DELETE
authenticated,storage,buckets_analytics,INSERT
authenticated,storage,buckets_analytics,REFERENCES
authenticated,storage,buckets_analytics,SELECT
authenticated,storage,buckets_analytics,TRIGGER
authenticated,storage,buckets_analytics,TRUNCATE
authenticated,storage,buckets_analytics,UPDATE
service_role,storage,buckets_analytics,DELETE
service_role,storage,buckets_analytics,INSERT
service_role,storage,buckets_analytics,REFERENCES
service_role,storage,buckets_analytics,SELECT
service_role,storage,buckets_analytics,TRIGGER
service_role,storage,buckets_analytics,TRUNCATE
service_role,storage,buckets_analytics,UPDATE
anon,storage,buckets_vectors,SELECT
authenticated,storage,buckets_vectors,SELECT
service_role,storage,buckets_vectors,SELECT
anon,storage,objects,DELETE
anon,storage,objects,INSERT
anon,storage,objects,REFERENCES
anon,storage,objects,SELECT
anon,storage,objects,TRIGGER
anon,storage,objects,TRUNCATE
anon,storage,objects,UPDATE
authenticated,storage,objects,DELETE
authenticated,storage,objects,INSERT
authenticated,storage,objects,REFERENCES
authenticated,storage,objects,SELECT
authenticated,storage,objects,TRIGGER
authenticated,storage,objects,TRUNCATE
authenticated,storage,objects,UPDATE
postgres,storage,objects,DELETE
postgres,storage,objects,INSERT
postgres,storage,objects,REFERENCES
postgres,storage,objects,SELECT
postgres,storage,objects,TRIGGER
postgres,storage,objects,TRUNCATE
postgres,storage,objects,UPDATE
service_role,storage,objects,DELETE
service_role,storage,objects,INSERT
service_role,storage,objects,REFERENCES
service_role,storage,objects,SELECT
service_role,storage,objects,TRIGGER
service_role,storage,objects,TRUNCATE
service_role,storage,objects,UPDATE
anon,storage,prefixes,DELETE
anon,storage,prefixes,INSERT
anon,storage,prefixes,REFERENCES
anon,storage,prefixes,SELECT
anon,storage,prefixes,TRIGGER
anon,storage,prefixes,TRUNCATE
anon,storage,prefixes,UPDATE
authenticated,storage,prefixes,DELETE
authenticated,storage,prefixes,INSERT
authenticated,storage,prefixes,REFERENCES
authenticated,storage,prefixes,SELECT
authenticated,storage,prefixes,TRIGGER
authenticated,storage,prefixes,TRUNCATE
authenticated,storage,prefixes,UPDATE
service_role,storage,prefixes,DELETE
service_role,storage,prefixes,INSERT
service_role,storage,prefixes,REFERENCES
service_role,storage,prefixes,SELECT
service_role,storage,prefixes,TRIGGER
service_role,storage,prefixes,TRUNCATE
service_role,storage,prefixes,UPDATE
anon,storage,s3_multipart_uploads,SELECT
authenticated,storage,s3_multipart_uploads,SELECT
service_role,storage,s3_multipart_uploads,DELETE
service_role,storage,s3_multipart_uploads,INSERT
service_role,storage,s3_multipart_uploads,REFERENCES
service_role,storage,s3_multipart_uploads,SELECT
service_role,storage,s3_multipart_uploads,TRIGGER
service_role,storage,s3_multipart_uploads,TRUNCATE
service_role,storage,s3_multipart_uploads,UPDATE
anon,storage,s3_multipart_uploads_parts,SELECT
authenticated,storage,s3_multipart_uploads_parts,SELECT
service_role,storage,s3_multipart_uploads_parts,DELETE
service_role,storage,s3_multipart_uploads_parts,INSERT
service_role,storage,s3_multipart_uploads_parts,REFERENCES
service_role,storage,s3_multipart_uploads_parts,SELECT
service_role,storage,s3_multipart_uploads_parts,TRIGGER
service_role,storage,s3_multipart_uploads_parts,TRUNCATE
service_role,storage,s3_multipart_uploads_parts,UPDATE
anon,storage,vector_indexes,SELECT
authenticated,storage,vector_indexes,SELECT
service_role,storage,vector_indexes,SELECT
postgres,vault,decrypted_secrets,DELETE
postgres,vault,decrypted_secrets,REFERENCES
postgres,vault,decrypted_secrets,SELECT
postgres,vault,decrypted_secrets,TRUNCATE
service_role,vault,decrypted_secrets,DELETE
service_role,vault,decrypted_secrets,SELECT
postgres,vault,secrets,DELETE
postgres,vault,secrets,REFERENCES
postgres,vault,secrets,SELECT
postgres,vault,secrets,TRUNCATE
service_role,vault,secrets,DELETE
service_role,vault,secrets,SELECT
