grantee,routine_schema,routine_name,privilege_type
PUBLIC,auth,email,EXECUTE
PUBLIC,auth,jwt,EXECUTE
postgres,auth,jwt,EXECUTE
PUBLIC,auth,role,EXECUTE
PUBLIC,auth,uid,EXECUTE
PUBLIC,extensions,armor,EXECUTE
PUBLIC,extensions,armor,EXECUTE
dashboard_user,extensions,armor,EXECUTE
dashboard_user,extensions,armor,EXECUTE
postgres,extensions,armor,EXECUTE
postgres,extensions,armor,EXECUTE
PUBLIC,extensions,crypt,EXECUTE
dashboard_user,extensions,crypt,EXECUTE
postgres,extensions,crypt,EXECUTE
PUBLIC,extensions,dearmor,EXECUTE
dashboard_user,extensions,dearmor,EXECUTE
postgres,extensions,dearmor,EXECUTE
PUBLIC,extensions,decrypt,EXECUTE
dashboard_user,extensions,decrypt,EXECUTE
postgres,extensions,decrypt,EXECUTE
PUBLIC,extensions,decrypt_iv,EXECUTE
dashboard_user,extensions,decrypt_iv,EXECUTE
postgres,extensions,decrypt_iv,EXECUTE
PUBLIC,extensions,digest,EXECUTE
PUBLIC,extensions,digest,EXECUTE
dashboard_user,extensions,digest,EXECUTE
dashboard_user,extensions,digest,EXECUTE
postgres,extensions,digest,EXECUTE
postgres,extensions,digest,EXECUTE
PUBLIC,extensions,encrypt,EXECUTE
dashboard_user,extensions,encrypt,EXECUTE
postgres,extensions,encrypt,EXECUTE
PUBLIC,extensions,encrypt_iv,EXECUTE
dashboard_user,extensions,encrypt_iv,EXECUTE
postgres,extensions,encrypt_iv,EXECUTE
PUBLIC,extensions,gen_random_bytes,EXECUTE
dashboard_user,extensions,gen_random_bytes,EXECUTE
postgres,extensions,gen_random_bytes,EXECUTE
PUBLIC,extensions,gen_random_uuid,EXECUTE
dashboard_user,extensions,gen_random_uuid,EXECUTE
postgres,extensions,gen_random_uuid,EXECUTE
PUBLIC,extensions,gen_salt,EXECUTE
PUBLIC,extensions,gen_salt,EXECUTE
dashboard_user,extensions,gen_salt,EXECUTE
dashboard_user,extensions,gen_salt,EXECUTE
postgres,extensions,gen_salt,EXECUTE
postgres,extensions,gen_salt,EXECUTE
PUBLIC,extensions,grant_pg_cron_access,EXECUTE
PUBLIC,extensions,grant_pg_graphql_access,EXECUTE
postgres,extensions,grant_pg_graphql_access,EXECUTE
PUBLIC,extensions,grant_pg_net_access,EXECUTE
PUBLIC,extensions,hmac,EXECUTE
PUBLIC,extensions,hmac,EXECUTE
dashboard_user,extensions,hmac,EXECUTE
dashboard_user,extensions,hmac,EXECUTE
postgres,extensions,hmac,EXECUTE
postgres,extensions,hmac,EXECUTE
PUBLIC,extensions,pg_stat_statements,EXECUTE
dashboard_user,extensions,pg_stat_statements,EXECUTE
postgres,extensions,pg_stat_statements,EXECUTE
PUBLIC,extensions,pg_stat_statements_info,EXECUTE
dashboard_user,extensions,pg_stat_statements_info,EXECUTE
postgres,extensions,pg_stat_statements_info,EXECUTE
dashboard_user,extensions,pg_stat_statements_reset,EXECUTE
postgres,extensions,pg_stat_statements_reset,EXECUTE
PUBLIC,extensions,pgp_armor_headers,EXECUTE
dashboard_user,extensions,pgp_armor_headers,EXECUTE
postgres,extensions,pgp_armor_headers,EXECUTE
PUBLIC,extensions,pgp_key_id,EXECUTE
dashboard_user,extensions,pgp_key_id,EXECUTE
postgres,extensions,pgp_key_id,EXECUTE
PUBLIC,extensions,pgp_pub_decrypt,EXECUTE
PUBLIC,extensions,pgp_pub_decrypt,EXECUTE
PUBLIC,extensions,pgp_pub_decrypt,EXECUTE
dashboard_user,extensions,pgp_pub_decrypt,EXECUTE
dashboard_user,extensions,pgp_pub_decrypt,EXECUTE
dashboard_user,extensions,pgp_pub_decrypt,EXECUTE
postgres,extensions,pgp_pub_decrypt,EXECUTE
postgres,extensions,pgp_pub_decrypt,EXECUTE
postgres,extensions,pgp_pub_decrypt,EXECUTE
PUBLIC,extensions,pgp_pub_decrypt_bytea,EXECUTE
PUBLIC,extensions,pgp_pub_decrypt_bytea,EXECUTE
PUBLIC,extensions,pgp_pub_decrypt_bytea,EXECUTE
dashboard_user,extensions,pgp_pub_decrypt_bytea,EXECUTE
dashboard_user,extensions,pgp_pub_decrypt_bytea,EXECUTE
dashboard_user,extensions,pgp_pub_decrypt_bytea,EXECUTE
postgres,extensions,pgp_pub_decrypt_bytea,EXECUTE
postgres,extensions,pgp_pub_decrypt_bytea,EXECUTE
postgres,extensions,pgp_pub_decrypt_bytea,EXECUTE
PUBLIC,extensions,pgp_pub_encrypt,EXECUTE
PUBLIC,extensions,pgp_pub_encrypt,EXECUTE
dashboard_user,extensions,pgp_pub_encrypt,EXECUTE
dashboard_user,extensions,pgp_pub_encrypt,EXECUTE
postgres,extensions,pgp_pub_encrypt,EXECUTE
postgres,extensions,pgp_pub_encrypt,EXECUTE
PUBLIC,extensions,pgp_pub_encrypt_bytea,EXECUTE
PUBLIC,extensions,pgp_pub_encrypt_bytea,EXECUTE
dashboard_user,extensions,pgp_pub_encrypt_bytea,EXECUTE
dashboard_user,extensions,pgp_pub_encrypt_bytea,EXECUTE
postgres,extensions,pgp_pub_encrypt_bytea,EXECUTE
postgres,extensions,pgp_pub_encrypt_bytea,EXECUTE
PUBLIC,extensions,pgp_sym_decrypt,EXECUTE
PUBLIC,extensions,pgp_sym_decrypt,EXECUTE
dashboard_user,extensions,pgp_sym_decrypt,EXECUTE
dashboard_user,extensions,pgp_sym_decrypt,EXECUTE
postgres,extensions,pgp_sym_decrypt,EXECUTE
postgres,extensions,pgp_sym_decrypt,EXECUTE
PUBLIC,extensions,pgp_sym_decrypt_bytea,EXECUTE
PUBLIC,extensions,pgp_sym_decrypt_bytea,EXECUTE
dashboard_user,extensions,pgp_sym_decrypt_bytea,EXECUTE
dashboard_user,extensions,pgp_sym_decrypt_bytea,EXECUTE
postgres,extensions,pgp_sym_decrypt_bytea,EXECUTE
postgres,extensions,pgp_sym_decrypt_bytea,EXECUTE
PUBLIC,extensions,pgp_sym_encrypt,EXECUTE
PUBLIC,extensions,pgp_sym_encrypt,EXECUTE
dashboard_user,extensions,pgp_sym_encrypt,EXECUTE
dashboard_user,extensions,pgp_sym_encrypt,EXECUTE
postgres,extensions,pgp_sym_encrypt,EXECUTE
postgres,extensions,pgp_sym_encrypt,EXECUTE
PUBLIC,extensions,pgp_sym_encrypt_bytea,EXECUTE
PUBLIC,extensions,pgp_sym_encrypt_bytea,EXECUTE
dashboard_user,extensions,pgp_sym_encrypt_bytea,EXECUTE
dashboard_user,extensions,pgp_sym_encrypt_bytea,EXECUTE
postgres,extensions,pgp_sym_encrypt_bytea,EXECUTE
postgres,extensions,pgp_sym_encrypt_bytea,EXECUTE
PUBLIC,extensions,pgrst_ddl_watch,EXECUTE
postgres,extensions,pgrst_ddl_watch,EXECUTE
PUBLIC,extensions,pgrst_drop_watch,EXECUTE
postgres,extensions,pgrst_drop_watch,EXECUTE
PUBLIC,extensions,set_graphql_placeholder,EXECUTE
postgres,extensions,set_graphql_placeholder,EXECUTE
PUBLIC,extensions,uuid_generate_v1,EXECUTE
dashboard_user,extensions,uuid_generate_v1,EXECUTE
postgres,extensions,uuid_generate_v1,EXECUTE
PUBLIC,extensions,uuid_generate_v1mc,EXECUTE
dashboard_user,extensions,uuid_generate_v1mc,EXECUTE
postgres,extensions,uuid_generate_v1mc,EXECUTE
PUBLIC,extensions,uuid_generate_v3,EXECUTE
dashboard_user,extensions,uuid_generate_v3,EXECUTE
postgres,extensions,uuid_generate_v3,EXECUTE
PUBLIC,extensions,uuid_generate_v4,EXECUTE
dashboard_user,extensions,uuid_generate_v4,EXECUTE
postgres,extensions,uuid_generate_v4,EXECUTE
PUBLIC,extensions,uuid_generate_v5,EXECUTE
dashboard_user,extensions,uuid_generate_v5,EXECUTE
postgres,extensions,uuid_generate_v5,EXECUTE
PUBLIC,extensions,uuid_nil,EXECUTE
dashboard_user,extensions,uuid_nil,EXECUTE
postgres,extensions,uuid_nil,EXECUTE
PUBLIC,extensions,uuid_ns_dns,EXECUTE
dashboard_user,extensions,uuid_ns_dns,EXECUTE
postgres,extensions,uuid_ns_dns,EXECUTE
PUBLIC,extensions,uuid_ns_oid,EXECUTE
dashboard_user,extensions,uuid_ns_oid,EXECUTE
postgres,extensions,uuid_ns_oid,EXECUTE
PUBLIC,extensions,uuid_ns_url,EXECUTE
dashboard_user,extensions,uuid_ns_url,EXECUTE
postgres,extensions,uuid_ns_url,EXECUTE
PUBLIC,extensions,uuid_ns_x500,EXECUTE
dashboard_user,extensions,uuid_ns_x500,EXECUTE
postgres,extensions,uuid_ns_x500,EXECUTE
PUBLIC,graphql,_internal_resolve,EXECUTE
anon,graphql,_internal_resolve,EXECUTE
authenticated,graphql,_internal_resolve,EXECUTE
postgres,graphql,_internal_resolve,EXECUTE
service_role,graphql,_internal_resolve,EXECUTE
PUBLIC,graphql,comment_directive,EXECUTE
anon,graphql,comment_directive,EXECUTE
authenticated,graphql,comment_directive,EXECUTE
postgres,graphql,comment_directive,EXECUTE
service_role,graphql,comment_directive,EXECUTE
PUBLIC,graphql,exception,EXECUTE
anon,graphql,exception,EXECUTE
authenticated,graphql,exception,EXECUTE
postgres,graphql,exception,EXECUTE
service_role,graphql,exception,EXECUTE
PUBLIC,graphql,get_schema_version,EXECUTE
anon,graphql,get_schema_version,EXECUTE
authenticated,graphql,get_schema_version,EXECUTE
postgres,graphql,get_schema_version,EXECUTE
service_role,graphql,get_schema_version,EXECUTE
PUBLIC,graphql,increment_schema_version,EXECUTE
anon,graphql,increment_schema_version,EXECUTE
authenticated,graphql,increment_schema_version,EXECUTE
postgres,graphql,increment_schema_version,EXECUTE
service_role,graphql,increment_schema_version,EXECUTE
PUBLIC,graphql,resolve,EXECUTE
anon,graphql,resolve,EXECUTE
authenticated,graphql,resolve,EXECUTE
postgres,graphql,resolve,EXECUTE
service_role,graphql,resolve,EXECUTE
PUBLIC,graphql_public,graphql,EXECUTE
anon,graphql_public,graphql,EXECUTE
authenticated,graphql_public,graphql,EXECUTE
postgres,graphql_public,graphql,EXECUTE
service_role,graphql_public,graphql,EXECUTE
PUBLIC,public,accept_ticket_and_create_mission,EXECUTE
anon,public,accept_ticket_and_create_mission,EXECUTE
authenticated,public,accept_ticket_and_create_mission,EXECUTE
postgres,public,accept_ticket_and_create_mission,EXECUTE
service_role,public,accept_ticket_and_create_mission,EXECUTE
PUBLIC,public,assign_technicien_to_mission,EXECUTE
anon,public,assign_technicien_to_mission,EXECUTE
authenticated,public,assign_technicien_to_mission,EXECUTE
postgres,public,assign_technicien_to_mission,EXECUTE
service_role,public,assign_technicien_to_mission,EXECUTE
PUBLIC,public,cancel_facture,EXECUTE
anon,public,cancel_facture,EXECUTE
authenticated,public,cancel_facture,EXECUTE
postgres,public,cancel_facture,EXECUTE
service_role,public,cancel_facture,EXECUTE
PUBLIC,public,cancel_mission,EXECUTE
anon,public,cancel_mission,EXECUTE
authenticated,public,cancel_mission,EXECUTE
postgres,public,cancel_mission,EXECUTE
service_role,public,cancel_mission,EXECUTE
PUBLIC,public,cash_dist,EXECUTE
anon,public,cash_dist,EXECUTE
authenticated,public,cash_dist,EXECUTE
postgres,public,cash_dist,EXECUTE
service_role,public,cash_dist,EXECUTE
PUBLIC,public,change_plan,EXECUTE
anon,public,change_plan,EXECUTE
authenticated,public,change_plan,EXECUTE
postgres,public,change_plan,EXECUTE
service_role,public,change_plan,EXECUTE
PUBLIC,public,check_access_module,EXECUTE
anon,public,check_access_module,EXECUTE
authenticated,public,check_access_module,EXECUTE
postgres,public,check_access_module,EXECUTE
service_role,public,check_access_module,EXECUTE
PUBLIC,public,check_disponibilites_before_diffusion,EXECUTE
anon,public,check_disponibilites_before_diffusion,EXECUTE
authenticated,public,check_disponibilites_before_diffusion,EXECUTE
postgres,public,check_disponibilites_before_diffusion,EXECUTE
service_role,public,check_disponibilites_before_diffusion,EXECUTE
PUBLIC,public,check_locataire_has_logement_for_ticket,EXECUTE
anon,public,check_locataire_has_logement_for_ticket,EXECUTE
authenticated,public,check_locataire_has_logement_for_ticket,EXECUTE
postgres,public,check_locataire_has_logement_for_ticket,EXECUTE
service_role,public,check_locataire_has_logement_for_ticket,EXECUTE
PUBLIC,public,check_quota,EXECUTE
anon,public,check_quota,EXECUTE
authenticated,public,check_quota,EXECUTE
postgres,public,check_quota,EXECUTE
service_role,public,check_quota,EXECUTE
PUBLIC,public,complete_mission,EXECUTE
anon,public,complete_mission,EXECUTE
authenticated,public,complete_mission,EXECUTE
postgres,public,complete_mission,EXECUTE
service_role,public,complete_mission,EXECUTE
PUBLIC,public,create_abonnement,EXECUTE
anon,public,create_abonnement,EXECUTE
authenticated,public,create_abonnement,EXECUTE
postgres,public,create_abonnement,EXECUTE
service_role,public,create_abonnement,EXECUTE
PUBLIC,public,create_entreprise_simple,EXECUTE
anon,public,create_entreprise_simple,EXECUTE
authenticated,public,create_entreprise_simple,EXECUTE
postgres,public,create_entreprise_simple,EXECUTE
service_role,public,create_entreprise_simple,EXECUTE
PUBLIC,public,create_entreprise_with_profile,EXECUTE
anon,public,create_entreprise_with_profile,EXECUTE
authenticated,public,create_entreprise_with_profile,EXECUTE
postgres,public,create_entreprise_with_profile,EXECUTE
service_role,public,create_entreprise_with_profile,EXECUTE
PUBLIC,public,create_system_message,EXECUTE
anon,public,create_system_message,EXECUTE
authenticated,public,create_system_message,EXECUTE
postgres,public,create_system_message,EXECUTE
service_role,public,create_system_message,EXECUTE
PUBLIC,public,create_ticket_locataire,EXECUTE
anon,public,create_ticket_locataire,EXECUTE
authenticated,public,create_ticket_locataire,EXECUTE
postgres,public,create_ticket_locataire,EXECUTE
service_role,public,create_ticket_locataire,EXECUTE
anon,public,creer_locataire_complet,EXECUTE
anon,public,creer_locataire_complet,EXECUTE
authenticated,public,creer_locataire_complet,EXECUTE
authenticated,public,creer_locataire_complet,EXECUTE
postgres,public,creer_locataire_complet,EXECUTE
postgres,public,creer_locataire_complet,EXECUTE
service_role,public,creer_locataire_complet,EXECUTE
service_role,public,creer_locataire_complet,EXECUTE
PUBLIC,public,date_dist,EXECUTE
anon,public,date_dist,EXECUTE
authenticated,public,date_dist,EXECUTE
postgres,public,date_dist,EXECUTE
service_role,public,date_dist,EXECUTE
PUBLIC,public,diffuser_ticket,EXECUTE
anon,public,diffuser_ticket,EXECUTE
authenticated,public,diffuser_ticket,EXECUTE
postgres,public,diffuser_ticket,EXECUTE
service_role,public,diffuser_ticket,EXECUTE
PUBLIC,public,float4_dist,EXECUTE
anon,public,float4_dist,EXECUTE
authenticated,public,float4_dist,EXECUTE
postgres,public,float4_dist,EXECUTE
service_role,public,float4_dist,EXECUTE
PUBLIC,public,float8_dist,EXECUTE
anon,public,float8_dist,EXECUTE
authenticated,public,float8_dist,EXECUTE
postgres,public,float8_dist,EXECUTE
service_role,public,float8_dist,EXECUTE
PUBLIC,public,gbt_bit_compress,EXECUTE
anon,public,gbt_bit_compress,EXECUTE
authenticated,public,gbt_bit_compress,EXECUTE
postgres,public,gbt_bit_compress,EXECUTE
service_role,public,gbt_bit_compress,EXECUTE
PUBLIC,public,gbt_bit_consistent,EXECUTE
anon,public,gbt_bit_consistent,EXECUTE
authenticated,public,gbt_bit_consistent,EXECUTE
postgres,public,gbt_bit_consistent,EXECUTE
service_role,public,gbt_bit_consistent,EXECUTE
PUBLIC,public,gbt_bit_penalty,EXECUTE
anon,public,gbt_bit_penalty,EXECUTE
authenticated,public,gbt_bit_penalty,EXECUTE
postgres,public,gbt_bit_penalty,EXECUTE
service_role,public,gbt_bit_penalty,EXECUTE
PUBLIC,public,gbt_bit_picksplit,EXECUTE
anon,public,gbt_bit_picksplit,EXECUTE
authenticated,public,gbt_bit_picksplit,EXECUTE
postgres,public,gbt_bit_picksplit,EXECUTE
service_role,public,gbt_bit_picksplit,EXECUTE
PUBLIC,public,gbt_bit_same,EXECUTE
anon,public,gbt_bit_same,EXECUTE
authenticated,public,gbt_bit_same,EXECUTE
postgres,public,gbt_bit_same,EXECUTE
service_role,public,gbt_bit_same,EXECUTE
PUBLIC,public,gbt_bit_union,EXECUTE
anon,public,gbt_bit_union,EXECUTE
authenticated,public,gbt_bit_union,EXECUTE
postgres,public,gbt_bit_union,EXECUTE
service_role,public,gbt_bit_union,EXECUTE
PUBLIC,public,gbt_bool_compress,EXECUTE
anon,public,gbt_bool_compress,EXECUTE
authenticated,public,gbt_bool_compress,EXECUTE
postgres,public,gbt_bool_compress,EXECUTE
service_role,public,gbt_bool_compress,EXECUTE
PUBLIC,public,gbt_bool_consistent,EXECUTE
anon,public,gbt_bool_consistent,EXECUTE
authenticated,public,gbt_bool_consistent,EXECUTE
postgres,public,gbt_bool_consistent,EXECUTE
service_role,public,gbt_bool_consistent,EXECUTE
PUBLIC,public,gbt_bool_fetch,EXECUTE
anon,public,gbt_bool_fetch,EXECUTE
authenticated,public,gbt_bool_fetch,EXECUTE
postgres,public,gbt_bool_fetch,EXECUTE
service_role,public,gbt_bool_fetch,EXECUTE
PUBLIC,public,gbt_bool_penalty,EXECUTE
anon,public,gbt_bool_penalty,EXECUTE
authenticated,public,gbt_bool_penalty,EXECUTE
postgres,public,gbt_bool_penalty,EXECUTE
service_role,public,gbt_bool_penalty,EXECUTE
PUBLIC,public,gbt_bool_picksplit,EXECUTE
anon,public,gbt_bool_picksplit,EXECUTE
authenticated,public,gbt_bool_picksplit,EXECUTE
postgres,public,gbt_bool_picksplit,EXECUTE
service_role,public,gbt_bool_picksplit,EXECUTE
PUBLIC,public,gbt_bool_same,EXECUTE
anon,public,gbt_bool_same,EXECUTE
authenticated,public,gbt_bool_same,EXECUTE
postgres,public,gbt_bool_same,EXECUTE
service_role,public,gbt_bool_same,EXECUTE
PUBLIC,public,gbt_bool_union,EXECUTE
anon,public,gbt_bool_union,EXECUTE
authenticated,public,gbt_bool_union,EXECUTE
postgres,public,gbt_bool_union,EXECUTE
service_role,public,gbt_bool_union,EXECUTE
PUBLIC,public,gbt_bpchar_compress,EXECUTE
anon,public,gbt_bpchar_compress,EXECUTE
authenticated,public,gbt_bpchar_compress,EXECUTE
postgres,public,gbt_bpchar_compress,EXECUTE
service_role,public,gbt_bpchar_compress,EXECUTE
PUBLIC,public,gbt_bpchar_consistent,EXECUTE
anon,public,gbt_bpchar_consistent,EXECUTE
authenticated,public,gbt_bpchar_consistent,EXECUTE
postgres,public,gbt_bpchar_consistent,EXECUTE
service_role,public,gbt_bpchar_consistent,EXECUTE
PUBLIC,public,gbt_bytea_compress,EXECUTE
anon,public,gbt_bytea_compress,EXECUTE
authenticated,public,gbt_bytea_compress,EXECUTE
postgres,public,gbt_bytea_compress,EXECUTE
service_role,public,gbt_bytea_compress,EXECUTE
PUBLIC,public,gbt_bytea_consistent,EXECUTE
anon,public,gbt_bytea_consistent,EXECUTE
authenticated,public,gbt_bytea_consistent,EXECUTE
postgres,public,gbt_bytea_consistent,EXECUTE
service_role,public,gbt_bytea_consistent,EXECUTE
PUBLIC,public,gbt_bytea_penalty,EXECUTE
anon,public,gbt_bytea_penalty,EXECUTE
authenticated,public,gbt_bytea_penalty,EXECUTE
postgres,public,gbt_bytea_penalty,EXECUTE
service_role,public,gbt_bytea_penalty,EXECUTE
PUBLIC,public,gbt_bytea_picksplit,EXECUTE
anon,public,gbt_bytea_picksplit,EXECUTE
authenticated,public,gbt_bytea_picksplit,EXECUTE
postgres,public,gbt_bytea_picksplit,EXECUTE
service_role,public,gbt_bytea_picksplit,EXECUTE
PUBLIC,public,gbt_bytea_same,EXECUTE
anon,public,gbt_bytea_same,EXECUTE
authenticated,public,gbt_bytea_same,EXECUTE
postgres,public,gbt_bytea_same,EXECUTE
service_role,public,gbt_bytea_same,EXECUTE
PUBLIC,public,gbt_bytea_union,EXECUTE
anon,public,gbt_bytea_union,EXECUTE
authenticated,public,gbt_bytea_union,EXECUTE
postgres,public,gbt_bytea_union,EXECUTE
service_role,public,gbt_bytea_union,EXECUTE
PUBLIC,public,gbt_cash_compress,EXECUTE
anon,public,gbt_cash_compress,EXECUTE
authenticated,public,gbt_cash_compress,EXECUTE
postgres,public,gbt_cash_compress,EXECUTE
service_role,public,gbt_cash_compress,EXECUTE
PUBLIC,public,gbt_cash_consistent,EXECUTE
anon,public,gbt_cash_consistent,EXECUTE
authenticated,public,gbt_cash_consistent,EXECUTE
postgres,public,gbt_cash_consistent,EXECUTE
service_role,public,gbt_cash_consistent,EXECUTE
PUBLIC,public,gbt_cash_distance,EXECUTE
anon,public,gbt_cash_distance,EXECUTE
authenticated,public,gbt_cash_distance,EXECUTE
postgres,public,gbt_cash_distance,EXECUTE
service_role,public,gbt_cash_distance,EXECUTE
PUBLIC,public,gbt_cash_fetch,EXECUTE
anon,public,gbt_cash_fetch,EXECUTE
authenticated,public,gbt_cash_fetch,EXECUTE
postgres,public,gbt_cash_fetch,EXECUTE
service_role,public,gbt_cash_fetch,EXECUTE
PUBLIC,public,gbt_cash_penalty,EXECUTE
anon,public,gbt_cash_penalty,EXECUTE
authenticated,public,gbt_cash_penalty,EXECUTE
postgres,public,gbt_cash_penalty,EXECUTE
service_role,public,gbt_cash_penalty,EXECUTE
PUBLIC,public,gbt_cash_picksplit,EXECUTE
anon,public,gbt_cash_picksplit,EXECUTE
authenticated,public,gbt_cash_picksplit,EXECUTE
postgres,public,gbt_cash_picksplit,EXECUTE
service_role,public,gbt_cash_picksplit,EXECUTE
PUBLIC,public,gbt_cash_same,EXECUTE
anon,public,gbt_cash_same,EXECUTE
authenticated,public,gbt_cash_same,EXECUTE
postgres,public,gbt_cash_same,EXECUTE
service_role,public,gbt_cash_same,EXECUTE
PUBLIC,public,gbt_cash_union,EXECUTE
anon,public,gbt_cash_union,EXECUTE
authenticated,public,gbt_cash_union,EXECUTE
postgres,public,gbt_cash_union,EXECUTE
service_role,public,gbt_cash_union,EXECUTE
PUBLIC,public,gbt_date_compress,EXECUTE
anon,public,gbt_date_compress,EXECUTE
authenticated,public,gbt_date_compress,EXECUTE
postgres,public,gbt_date_compress,EXECUTE
service_role,public,gbt_date_compress,EXECUTE
PUBLIC,public,gbt_date_consistent,EXECUTE
anon,public,gbt_date_consistent,EXECUTE
authenticated,public,gbt_date_consistent,EXECUTE
postgres,public,gbt_date_consistent,EXECUTE
service_role,public,gbt_date_consistent,EXECUTE
PUBLIC,public,gbt_date_distance,EXECUTE
anon,public,gbt_date_distance,EXECUTE
authenticated,public,gbt_date_distance,EXECUTE
postgres,public,gbt_date_distance,EXECUTE
service_role,public,gbt_date_distance,EXECUTE
PUBLIC,public,gbt_date_fetch,EXECUTE
anon,public,gbt_date_fetch,EXECUTE
authenticated,public,gbt_date_fetch,EXECUTE
postgres,public,gbt_date_fetch,EXECUTE
service_role,public,gbt_date_fetch,EXECUTE
PUBLIC,public,gbt_date_penalty,EXECUTE
anon,public,gbt_date_penalty,EXECUTE
authenticated,public,gbt_date_penalty,EXECUTE
postgres,public,gbt_date_penalty,EXECUTE
service_role,public,gbt_date_penalty,EXECUTE
PUBLIC,public,gbt_date_picksplit,EXECUTE
anon,public,gbt_date_picksplit,EXECUTE
authenticated,public,gbt_date_picksplit,EXECUTE
postgres,public,gbt_date_picksplit,EXECUTE
service_role,public,gbt_date_picksplit,EXECUTE
PUBLIC,public,gbt_date_same,EXECUTE
anon,public,gbt_date_same,EXECUTE
authenticated,public,gbt_date_same,EXECUTE
postgres,public,gbt_date_same,EXECUTE
service_role,public,gbt_date_same,EXECUTE
PUBLIC,public,gbt_date_union,EXECUTE
anon,public,gbt_date_union,EXECUTE
authenticated,public,gbt_date_union,EXECUTE
postgres,public,gbt_date_union,EXECUTE
service_role,public,gbt_date_union,EXECUTE
PUBLIC,public,gbt_decompress,EXECUTE
anon,public,gbt_decompress,EXECUTE
authenticated,public,gbt_decompress,EXECUTE
postgres,public,gbt_decompress,EXECUTE
service_role,public,gbt_decompress,EXECUTE
PUBLIC,public,gbt_enum_compress,EXECUTE
anon,public,gbt_enum_compress,EXECUTE
authenticated,public,gbt_enum_compress,EXECUTE
postgres,public,gbt_enum_compress,EXECUTE
service_role,public,gbt_enum_compress,EXECUTE
PUBLIC,public,gbt_enum_consistent,EXECUTE
anon,public,gbt_enum_consistent,EXECUTE
authenticated,public,gbt_enum_consistent,EXECUTE
postgres,public,gbt_enum_consistent,EXECUTE
service_role,public,gbt_enum_consistent,EXECUTE
PUBLIC,public,gbt_enum_fetch,EXECUTE
anon,public,gbt_enum_fetch,EXECUTE
authenticated,public,gbt_enum_fetch,EXECUTE
postgres,public,gbt_enum_fetch,EXECUTE
service_role,public,gbt_enum_fetch,EXECUTE
PUBLIC,public,gbt_enum_penalty,EXECUTE
anon,public,gbt_enum_penalty,EXECUTE
authenticated,public,gbt_enum_penalty,EXECUTE
postgres,public,gbt_enum_penalty,EXECUTE
service_role,public,gbt_enum_penalty,EXECUTE
PUBLIC,public,gbt_enum_picksplit,EXECUTE
anon,public,gbt_enum_picksplit,EXECUTE
authenticated,public,gbt_enum_picksplit,EXECUTE
postgres,public,gbt_enum_picksplit,EXECUTE
service_role,public,gbt_enum_picksplit,EXECUTE
PUBLIC,public,gbt_enum_same,EXECUTE
anon,public,gbt_enum_same,EXECUTE
authenticated,public,gbt_enum_same,EXECUTE
postgres,public,gbt_enum_same,EXECUTE
service_role,public,gbt_enum_same,EXECUTE
PUBLIC,public,gbt_enum_union,EXECUTE
anon,public,gbt_enum_union,EXECUTE
authenticated,public,gbt_enum_union,EXECUTE
postgres,public,gbt_enum_union,EXECUTE
service_role,public,gbt_enum_union,EXECUTE
PUBLIC,public,gbt_float4_compress,EXECUTE
anon,public,gbt_float4_compress,EXECUTE
authenticated,public,gbt_float4_compress,EXECUTE
postgres,public,gbt_float4_compress,EXECUTE
service_role,public,gbt_float4_compress,EXECUTE
PUBLIC,public,gbt_float4_consistent,EXECUTE
anon,public,gbt_float4_consistent,EXECUTE
authenticated,public,gbt_float4_consistent,EXECUTE
postgres,public,gbt_float4_consistent,EXECUTE
service_role,public,gbt_float4_consistent,EXECUTE
PUBLIC,public,gbt_float4_distance,EXECUTE
anon,public,gbt_float4_distance,EXECUTE
authenticated,public,gbt_float4_distance,EXECUTE
postgres,public,gbt_float4_distance,EXECUTE
service_role,public,gbt_float4_distance,EXECUTE
PUBLIC,public,gbt_float4_fetch,EXECUTE
anon,public,gbt_float4_fetch,EXECUTE
authenticated,public,gbt_float4_fetch,EXECUTE
postgres,public,gbt_float4_fetch,EXECUTE
service_role,public,gbt_float4_fetch,EXECUTE
PUBLIC,public,gbt_float4_penalty,EXECUTE
anon,public,gbt_float4_penalty,EXECUTE
authenticated,public,gbt_float4_penalty,EXECUTE
postgres,public,gbt_float4_penalty,EXECUTE
service_role,public,gbt_float4_penalty,EXECUTE
PUBLIC,public,gbt_float4_picksplit,EXECUTE
anon,public,gbt_float4_picksplit,EXECUTE
authenticated,public,gbt_float4_picksplit,EXECUTE
postgres,public,gbt_float4_picksplit,EXECUTE
service_role,public,gbt_float4_picksplit,EXECUTE
PUBLIC,public,gbt_float4_same,EXECUTE
anon,public,gbt_float4_same,EXECUTE
authenticated,public,gbt_float4_same,EXECUTE
postgres,public,gbt_float4_same,EXECUTE
service_role,public,gbt_float4_same,EXECUTE
PUBLIC,public,gbt_float4_union,EXECUTE
anon,public,gbt_float4_union,EXECUTE
authenticated,public,gbt_float4_union,EXECUTE
postgres,public,gbt_float4_union,EXECUTE
service_role,public,gbt_float4_union,EXECUTE
PUBLIC,public,gbt_float8_compress,EXECUTE
anon,public,gbt_float8_compress,EXECUTE
authenticated,public,gbt_float8_compress,EXECUTE
postgres,public,gbt_float8_compress,EXECUTE
service_role,public,gbt_float8_compress,EXECUTE
PUBLIC,public,gbt_float8_consistent,EXECUTE
anon,public,gbt_float8_consistent,EXECUTE
authenticated,public,gbt_float8_consistent,EXECUTE
postgres,public,gbt_float8_consistent,EXECUTE
service_role,public,gbt_float8_consistent,EXECUTE
PUBLIC,public,gbt_float8_distance,EXECUTE
anon,public,gbt_float8_distance,EXECUTE
authenticated,public,gbt_float8_distance,EXECUTE
postgres,public,gbt_float8_distance,EXECUTE
service_role,public,gbt_float8_distance,EXECUTE
PUBLIC,public,gbt_float8_fetch,EXECUTE
anon,public,gbt_float8_fetch,EXECUTE
authenticated,public,gbt_float8_fetch,EXECUTE
postgres,public,gbt_float8_fetch,EXECUTE
service_role,public,gbt_float8_fetch,EXECUTE
PUBLIC,public,gbt_float8_penalty,EXECUTE
anon,public,gbt_float8_penalty,EXECUTE
authenticated,public,gbt_float8_penalty,EXECUTE
postgres,public,gbt_float8_penalty,EXECUTE
service_role,public,gbt_float8_penalty,EXECUTE
PUBLIC,public,gbt_float8_picksplit,EXECUTE
anon,public,gbt_float8_picksplit,EXECUTE
authenticated,public,gbt_float8_picksplit,EXECUTE
postgres,public,gbt_float8_picksplit,EXECUTE
service_role,public,gbt_float8_picksplit,EXECUTE
PUBLIC,public,gbt_float8_same,EXECUTE
anon,public,gbt_float8_same,EXECUTE
authenticated,public,gbt_float8_same,EXECUTE
postgres,public,gbt_float8_same,EXECUTE
service_role,public,gbt_float8_same,EXECUTE
PUBLIC,public,gbt_float8_union,EXECUTE
anon,public,gbt_float8_union,EXECUTE
authenticated,public,gbt_float8_union,EXECUTE
postgres,public,gbt_float8_union,EXECUTE
service_role,public,gbt_float8_union,EXECUTE
PUBLIC,public,gbt_inet_compress,EXECUTE
anon,public,gbt_inet_compress,EXECUTE
authenticated,public,gbt_inet_compress,EXECUTE
postgres,public,gbt_inet_compress,EXECUTE
service_role,public,gbt_inet_compress,EXECUTE
PUBLIC,public,gbt_inet_consistent,EXECUTE
anon,public,gbt_inet_consistent,EXECUTE
authenticated,public,gbt_inet_consistent,EXECUTE
postgres,public,gbt_inet_consistent,EXECUTE
service_role,public,gbt_inet_consistent,EXECUTE
PUBLIC,public,gbt_inet_penalty,EXECUTE
anon,public,gbt_inet_penalty,EXECUTE
authenticated,public,gbt_inet_penalty,EXECUTE
postgres,public,gbt_inet_penalty,EXECUTE
service_role,public,gbt_inet_penalty,EXECUTE
PUBLIC,public,gbt_inet_picksplit,EXECUTE
anon,public,gbt_inet_picksplit,EXECUTE
authenticated,public,gbt_inet_picksplit,EXECUTE
postgres,public,gbt_inet_picksplit,EXECUTE
service_role,public,gbt_inet_picksplit,EXECUTE
PUBLIC,public,gbt_inet_same,EXECUTE
anon,public,gbt_inet_same,EXECUTE
authenticated,public,gbt_inet_same,EXECUTE
postgres,public,gbt_inet_same,EXECUTE
service_role,public,gbt_inet_same,EXECUTE
PUBLIC,public,gbt_inet_union,EXECUTE
anon,public,gbt_inet_union,EXECUTE
authenticated,public,gbt_inet_union,EXECUTE
postgres,public,gbt_inet_union,EXECUTE
service_role,public,gbt_inet_union,EXECUTE
PUBLIC,public,gbt_int2_compress,EXECUTE
anon,public,gbt_int2_compress,EXECUTE
authenticated,public,gbt_int2_compress,EXECUTE
postgres,public,gbt_int2_compress,EXECUTE
service_role,public,gbt_int2_compress,EXECUTE
PUBLIC,public,gbt_int2_consistent,EXECUTE
anon,public,gbt_int2_consistent,EXECUTE
authenticated,public,gbt_int2_consistent,EXECUTE
postgres,public,gbt_int2_consistent,EXECUTE
service_role,public,gbt_int2_consistent,EXECUTE
PUBLIC,public,gbt_int2_distance,EXECUTE
anon,public,gbt_int2_distance,EXECUTE
authenticated,public,gbt_int2_distance,EXECUTE
postgres,public,gbt_int2_distance,EXECUTE
service_role,public,gbt_int2_distance,EXECUTE
PUBLIC,public,gbt_int2_fetch,EXECUTE
anon,public,gbt_int2_fetch,EXECUTE
authenticated,public,gbt_int2_fetch,EXECUTE
postgres,public,gbt_int2_fetch,EXECUTE
service_role,public,gbt_int2_fetch,EXECUTE
PUBLIC,public,gbt_int2_penalty,EXECUTE
anon,public,gbt_int2_penalty,EXECUTE
authenticated,public,gbt_int2_penalty,EXECUTE
postgres,public,gbt_int2_penalty,EXECUTE
service_role,public,gbt_int2_penalty,EXECUTE
PUBLIC,public,gbt_int2_picksplit,EXECUTE
anon,public,gbt_int2_picksplit,EXECUTE
authenticated,public,gbt_int2_picksplit,EXECUTE
postgres,public,gbt_int2_picksplit,EXECUTE
service_role,public,gbt_int2_picksplit,EXECUTE
PUBLIC,public,gbt_int2_same,EXECUTE
anon,public,gbt_int2_same,EXECUTE
authenticated,public,gbt_int2_same,EXECUTE
postgres,public,gbt_int2_same,EXECUTE
service_role,public,gbt_int2_same,EXECUTE
PUBLIC,public,gbt_int2_union,EXECUTE
anon,public,gbt_int2_union,EXECUTE
authenticated,public,gbt_int2_union,EXECUTE
postgres,public,gbt_int2_union,EXECUTE
service_role,public,gbt_int2_union,EXECUTE
PUBLIC,public,gbt_int4_compress,EXECUTE
anon,public,gbt_int4_compress,EXECUTE
authenticated,public,gbt_int4_compress,EXECUTE
postgres,public,gbt_int4_compress,EXECUTE
service_role,public,gbt_int4_compress,EXECUTE
PUBLIC,public,gbt_int4_consistent,EXECUTE
anon,public,gbt_int4_consistent,EXECUTE
authenticated,public,gbt_int4_consistent,EXECUTE
postgres,public,gbt_int4_consistent,EXECUTE
service_role,public,gbt_int4_consistent,EXECUTE
PUBLIC,public,gbt_int4_distance,EXECUTE
anon,public,gbt_int4_distance,EXECUTE
authenticated,public,gbt_int4_distance,EXECUTE
postgres,public,gbt_int4_distance,EXECUTE
service_role,public,gbt_int4_distance,EXECUTE
PUBLIC,public,gbt_int4_fetch,EXECUTE
anon,public,gbt_int4_fetch,EXECUTE
authenticated,public,gbt_int4_fetch,EXECUTE
postgres,public,gbt_int4_fetch,EXECUTE
service_role,public,gbt_int4_fetch,EXECUTE
PUBLIC,public,gbt_int4_penalty,EXECUTE
anon,public,gbt_int4_penalty,EXECUTE
authenticated,public,gbt_int4_penalty,EXECUTE
postgres,public,gbt_int4_penalty,EXECUTE
service_role,public,gbt_int4_penalty,EXECUTE
PUBLIC,public,gbt_int4_picksplit,EXECUTE
anon,public,gbt_int4_picksplit,EXECUTE
authenticated,public,gbt_int4_picksplit,EXECUTE
postgres,public,gbt_int4_picksplit,EXECUTE
service_role,public,gbt_int4_picksplit,EXECUTE
PUBLIC,public,gbt_int4_same,EXECUTE
anon,public,gbt_int4_same,EXECUTE
authenticated,public,gbt_int4_same,EXECUTE
postgres,public,gbt_int4_same,EXECUTE
service_role,public,gbt_int4_same,EXECUTE
PUBLIC,public,gbt_int4_union,EXECUTE
anon,public,gbt_int4_union,EXECUTE
authenticated,public,gbt_int4_union,EXECUTE
postgres,public,gbt_int4_union,EXECUTE
service_role,public,gbt_int4_union,EXECUTE
PUBLIC,public,gbt_int8_compress,EXECUTE
anon,public,gbt_int8_compress,EXECUTE
authenticated,public,gbt_int8_compress,EXECUTE
postgres,public,gbt_int8_compress,EXECUTE
service_role,public,gbt_int8_compress,EXECUTE
PUBLIC,public,gbt_int8_consistent,EXECUTE
anon,public,gbt_int8_consistent,EXECUTE
authenticated,public,gbt_int8_consistent,EXECUTE
postgres,public,gbt_int8_consistent,EXECUTE
service_role,public,gbt_int8_consistent,EXECUTE
PUBLIC,public,gbt_int8_distance,EXECUTE
anon,public,gbt_int8_distance,EXECUTE
authenticated,public,gbt_int8_distance,EXECUTE
postgres,public,gbt_int8_distance,EXECUTE
service_role,public,gbt_int8_distance,EXECUTE
PUBLIC,public,gbt_int8_fetch,EXECUTE
anon,public,gbt_int8_fetch,EXECUTE
authenticated,public,gbt_int8_fetch,EXECUTE
postgres,public,gbt_int8_fetch,EXECUTE
service_role,public,gbt_int8_fetch,EXECUTE
PUBLIC,public,gbt_int8_penalty,EXECUTE
anon,public,gbt_int8_penalty,EXECUTE
authenticated,public,gbt_int8_penalty,EXECUTE
postgres,public,gbt_int8_penalty,EXECUTE
service_role,public,gbt_int8_penalty,EXECUTE
PUBLIC,public,gbt_int8_picksplit,EXECUTE
anon,public,gbt_int8_picksplit,EXECUTE
authenticated,public,gbt_int8_picksplit,EXECUTE
postgres,public,gbt_int8_picksplit,EXECUTE
service_role,public,gbt_int8_picksplit,EXECUTE
PUBLIC,public,gbt_int8_same,EXECUTE
anon,public,gbt_int8_same,EXECUTE
authenticated,public,gbt_int8_same,EXECUTE
postgres,public,gbt_int8_same,EXECUTE
service_role,public,gbt_int8_same,EXECUTE
PUBLIC,public,gbt_int8_union,EXECUTE
anon,public,gbt_int8_union,EXECUTE
authenticated,public,gbt_int8_union,EXECUTE
postgres,public,gbt_int8_union,EXECUTE
service_role,public,gbt_int8_union,EXECUTE
PUBLIC,public,gbt_intv_compress,EXECUTE
anon,public,gbt_intv_compress,EXECUTE
authenticated,public,gbt_intv_compress,EXECUTE
postgres,public,gbt_intv_compress,EXECUTE
service_role,public,gbt_intv_compress,EXECUTE
PUBLIC,public,gbt_intv_consistent,EXECUTE
anon,public,gbt_intv_consistent,EXECUTE
authenticated,public,gbt_intv_consistent,EXECUTE
postgres,public,gbt_intv_consistent,EXECUTE
service_role,public,gbt_intv_consistent,EXECUTE
PUBLIC,public,gbt_intv_decompress,EXECUTE
anon,public,gbt_intv_decompress,EXECUTE
authenticated,public,gbt_intv_decompress,EXECUTE
postgres,public,gbt_intv_decompress,EXECUTE
service_role,public,gbt_intv_decompress,EXECUTE
PUBLIC,public,gbt_intv_distance,EXECUTE
anon,public,gbt_intv_distance,EXECUTE
authenticated,public,gbt_intv_distance,EXECUTE
postgres,public,gbt_intv_distance,EXECUTE
service_role,public,gbt_intv_distance,EXECUTE
PUBLIC,public,gbt_intv_fetch,EXECUTE
anon,public,gbt_intv_fetch,EXECUTE
authenticated,public,gbt_intv_fetch,EXECUTE
postgres,public,gbt_intv_fetch,EXECUTE
service_role,public,gbt_intv_fetch,EXECUTE
PUBLIC,public,gbt_intv_penalty,EXECUTE
anon,public,gbt_intv_penalty,EXECUTE
authenticated,public,gbt_intv_penalty,EXECUTE
postgres,public,gbt_intv_penalty,EXECUTE
service_role,public,gbt_intv_penalty,EXECUTE
PUBLIC,public,gbt_intv_picksplit,EXECUTE
anon,public,gbt_intv_picksplit,EXECUTE
authenticated,public,gbt_intv_picksplit,EXECUTE
postgres,public,gbt_intv_picksplit,EXECUTE
service_role,public,gbt_intv_picksplit,EXECUTE
PUBLIC,public,gbt_intv_same,EXECUTE
anon,public,gbt_intv_same,EXECUTE
authenticated,public,gbt_intv_same,EXECUTE
postgres,public,gbt_intv_same,EXECUTE
service_role,public,gbt_intv_same,EXECUTE
PUBLIC,public,gbt_intv_union,EXECUTE
anon,public,gbt_intv_union,EXECUTE
authenticated,public,gbt_intv_union,EXECUTE
postgres,public,gbt_intv_union,EXECUTE
service_role,public,gbt_intv_union,EXECUTE
PUBLIC,public,gbt_macad8_compress,EXECUTE
anon,public,gbt_macad8_compress,EXECUTE
authenticated,public,gbt_macad8_compress,EXECUTE
postgres,public,gbt_macad8_compress,EXECUTE
service_role,public,gbt_macad8_compress,EXECUTE
PUBLIC,public,gbt_macad8_consistent,EXECUTE
anon,public,gbt_macad8_consistent,EXECUTE
authenticated,public,gbt_macad8_consistent,EXECUTE
postgres,public,gbt_macad8_consistent,EXECUTE
service_role,public,gbt_macad8_consistent,EXECUTE
PUBLIC,public,gbt_macad8_fetch,EXECUTE
anon,public,gbt_macad8_fetch,EXECUTE
authenticated,public,gbt_macad8_fetch,EXECUTE
postgres,public,gbt_macad8_fetch,EXECUTE
service_role,public,gbt_macad8_fetch,EXECUTE
PUBLIC,public,gbt_macad8_penalty,EXECUTE
anon,public,gbt_macad8_penalty,EXECUTE
authenticated,public,gbt_macad8_penalty,EXECUTE
postgres,public,gbt_macad8_penalty,EXECUTE
service_role,public,gbt_macad8_penalty,EXECUTE
PUBLIC,public,gbt_macad8_picksplit,EXECUTE
anon,public,gbt_macad8_picksplit,EXECUTE
authenticated,public,gbt_macad8_picksplit,EXECUTE
postgres,public,gbt_macad8_picksplit,EXECUTE
service_role,public,gbt_macad8_picksplit,EXECUTE
PUBLIC,public,gbt_macad8_same,EXECUTE
anon,public,gbt_macad8_same,EXECUTE
authenticated,public,gbt_macad8_same,EXECUTE
postgres,public,gbt_macad8_same,EXECUTE
service_role,public,gbt_macad8_same,EXECUTE
PUBLIC,public,gbt_macad8_union,EXECUTE
anon,public,gbt_macad8_union,EXECUTE
authenticated,public,gbt_macad8_union,EXECUTE
postgres,public,gbt_macad8_union,EXECUTE
service_role,public,gbt_macad8_union,EXECUTE
PUBLIC,public,gbt_macad_compress,EXECUTE
anon,public,gbt_macad_compress,EXECUTE
authenticated,public,gbt_macad_compress,EXECUTE
postgres,public,gbt_macad_compress,EXECUTE
service_role,public,gbt_macad_compress,EXECUTE
PUBLIC,public,gbt_macad_consistent,EXECUTE
anon,public,gbt_macad_consistent,EXECUTE
authenticated,public,gbt_macad_consistent,EXECUTE
postgres,public,gbt_macad_consistent,EXECUTE
service_role,public,gbt_macad_consistent,EXECUTE
PUBLIC,public,gbt_macad_fetch,EXECUTE
anon,public,gbt_macad_fetch,EXECUTE
authenticated,public,gbt_macad_fetch,EXECUTE
postgres,public,gbt_macad_fetch,EXECUTE
service_role,public,gbt_macad_fetch,EXECUTE
PUBLIC,public,gbt_macad_penalty,EXECUTE
anon,public,gbt_macad_penalty,EXECUTE
authenticated,public,gbt_macad_penalty,EXECUTE
postgres,public,gbt_macad_penalty,EXECUTE
service_role,public,gbt_macad_penalty,EXECUTE
PUBLIC,public,gbt_macad_picksplit,EXECUTE
anon,public,gbt_macad_picksplit,EXECUTE
authenticated,public,gbt_macad_picksplit,EXECUTE
postgres,public,gbt_macad_picksplit,EXECUTE
service_role,public,gbt_macad_picksplit,EXECUTE
PUBLIC,public,gbt_macad_same,EXECUTE
anon,public,gbt_macad_same,EXECUTE
authenticated,public,gbt_macad_same,EXECUTE
postgres,public,gbt_macad_same,EXECUTE
service_role,public,gbt_macad_same,EXECUTE
PUBLIC,public,gbt_macad_union,EXECUTE
anon,public,gbt_macad_union,EXECUTE
authenticated,public,gbt_macad_union,EXECUTE
postgres,public,gbt_macad_union,EXECUTE
service_role,public,gbt_macad_union,EXECUTE
PUBLIC,public,gbt_numeric_compress,EXECUTE
anon,public,gbt_numeric_compress,EXECUTE
authenticated,public,gbt_numeric_compress,EXECUTE
postgres,public,gbt_numeric_compress,EXECUTE
service_role,public,gbt_numeric_compress,EXECUTE
PUBLIC,public,gbt_numeric_consistent,EXECUTE
anon,public,gbt_numeric_consistent,EXECUTE
authenticated,public,gbt_numeric_consistent,EXECUTE
postgres,public,gbt_numeric_consistent,EXECUTE
service_role,public,gbt_numeric_consistent,EXECUTE
PUBLIC,public,gbt_numeric_penalty,EXECUTE
anon,public,gbt_numeric_penalty,EXECUTE
authenticated,public,gbt_numeric_penalty,EXECUTE
postgres,public,gbt_numeric_penalty,EXECUTE
service_role,public,gbt_numeric_penalty,EXECUTE
PUBLIC,public,gbt_numeric_picksplit,EXECUTE
anon,public,gbt_numeric_picksplit,EXECUTE
authenticated,public,gbt_numeric_picksplit,EXECUTE
postgres,public,gbt_numeric_picksplit,EXECUTE
service_role,public,gbt_numeric_picksplit,EXECUTE
PUBLIC,public,gbt_numeric_same,EXECUTE
anon,public,gbt_numeric_same,EXECUTE
authenticated,public,gbt_numeric_same,EXECUTE
postgres,public,gbt_numeric_same,EXECUTE
service_role,public,gbt_numeric_same,EXECUTE
PUBLIC,public,gbt_numeric_union,EXECUTE
anon,public,gbt_numeric_union,EXECUTE
authenticated,public,gbt_numeric_union,EXECUTE
postgres,public,gbt_numeric_union,EXECUTE
service_role,public,gbt_numeric_union,EXECUTE
PUBLIC,public,gbt_oid_compress,EXECUTE
anon,public,gbt_oid_compress,EXECUTE
authenticated,public,gbt_oid_compress,EXECUTE
postgres,public,gbt_oid_compress,EXECUTE
service_role,public,gbt_oid_compress,EXECUTE
PUBLIC,public,gbt_oid_consistent,EXECUTE
anon,public,gbt_oid_consistent,EXECUTE
authenticated,public,gbt_oid_consistent,EXECUTE
postgres,public,gbt_oid_consistent,EXECUTE
service_role,public,gbt_oid_consistent,EXECUTE
PUBLIC,public,gbt_oid_distance,EXECUTE
anon,public,gbt_oid_distance,EXECUTE
authenticated,public,gbt_oid_distance,EXECUTE
postgres,public,gbt_oid_distance,EXECUTE
service_role,public,gbt_oid_distance,EXECUTE
PUBLIC,public,gbt_oid_fetch,EXECUTE
anon,public,gbt_oid_fetch,EXECUTE
authenticated,public,gbt_oid_fetch,EXECUTE
postgres,public,gbt_oid_fetch,EXECUTE
service_role,public,gbt_oid_fetch,EXECUTE
PUBLIC,public,gbt_oid_penalty,EXECUTE
anon,public,gbt_oid_penalty,EXECUTE
authenticated,public,gbt_oid_penalty,EXECUTE
postgres,public,gbt_oid_penalty,EXECUTE
service_role,public,gbt_oid_penalty,EXECUTE
PUBLIC,public,gbt_oid_picksplit,EXECUTE
anon,public,gbt_oid_picksplit,EXECUTE
authenticated,public,gbt_oid_picksplit,EXECUTE
postgres,public,gbt_oid_picksplit,EXECUTE
service_role,public,gbt_oid_picksplit,EXECUTE
PUBLIC,public,gbt_oid_same,EXECUTE
anon,public,gbt_oid_same,EXECUTE
authenticated,public,gbt_oid_same,EXECUTE
postgres,public,gbt_oid_same,EXECUTE
service_role,public,gbt_oid_same,EXECUTE
PUBLIC,public,gbt_oid_union,EXECUTE
anon,public,gbt_oid_union,EXECUTE
authenticated,public,gbt_oid_union,EXECUTE
postgres,public,gbt_oid_union,EXECUTE
service_role,public,gbt_oid_union,EXECUTE
PUBLIC,public,gbt_text_compress,EXECUTE
anon,public,gbt_text_compress,EXECUTE
authenticated,public,gbt_text_compress,EXECUTE
postgres,public,gbt_text_compress,EXECUTE
service_role,public,gbt_text_compress,EXECUTE
PUBLIC,public,gbt_text_consistent,EXECUTE
anon,public,gbt_text_consistent,EXECUTE
authenticated,public,gbt_text_consistent,EXECUTE
postgres,public,gbt_text_consistent,EXECUTE
service_role,public,gbt_text_consistent,EXECUTE
PUBLIC,public,gbt_text_penalty,EXECUTE
anon,public,gbt_text_penalty,EXECUTE
authenticated,public,gbt_text_penalty,EXECUTE
postgres,public,gbt_text_penalty,EXECUTE
service_role,public,gbt_text_penalty,EXECUTE
PUBLIC,public,gbt_text_picksplit,EXECUTE
anon,public,gbt_text_picksplit,EXECUTE
authenticated,public,gbt_text_picksplit,EXECUTE
postgres,public,gbt_text_picksplit,EXECUTE
service_role,public,gbt_text_picksplit,EXECUTE
PUBLIC,public,gbt_text_same,EXECUTE
anon,public,gbt_text_same,EXECUTE
authenticated,public,gbt_text_same,EXECUTE
postgres,public,gbt_text_same,EXECUTE
service_role,public,gbt_text_same,EXECUTE
PUBLIC,public,gbt_text_union,EXECUTE
anon,public,gbt_text_union,EXECUTE
authenticated,public,gbt_text_union,EXECUTE
postgres,public,gbt_text_union,EXECUTE
service_role,public,gbt_text_union,EXECUTE
PUBLIC,public,gbt_time_compress,EXECUTE
anon,public,gbt_time_compress,EXECUTE
authenticated,public,gbt_time_compress,EXECUTE
postgres,public,gbt_time_compress,EXECUTE
service_role,public,gbt_time_compress,EXECUTE
PUBLIC,public,gbt_time_consistent,EXECUTE
anon,public,gbt_time_consistent,EXECUTE
authenticated,public,gbt_time_consistent,EXECUTE
postgres,public,gbt_time_consistent,EXECUTE
service_role,public,gbt_time_consistent,EXECUTE
PUBLIC,public,gbt_time_distance,EXECUTE
anon,public,gbt_time_distance,EXECUTE
authenticated,public,gbt_time_distance,EXECUTE
postgres,public,gbt_time_distance,EXECUTE
service_role,public,gbt_time_distance,EXECUTE
PUBLIC,public,gbt_time_fetch,EXECUTE
anon,public,gbt_time_fetch,EXECUTE
authenticated,public,gbt_time_fetch,EXECUTE
postgres,public,gbt_time_fetch,EXECUTE
service_role,public,gbt_time_fetch,EXECUTE
PUBLIC,public,gbt_time_penalty,EXECUTE
anon,public,gbt_time_penalty,EXECUTE
authenticated,public,gbt_time_penalty,EXECUTE
postgres,public,gbt_time_penalty,EXECUTE
service_role,public,gbt_time_penalty,EXECUTE
PUBLIC,public,gbt_time_picksplit,EXECUTE
anon,public,gbt_time_picksplit,EXECUTE
authenticated,public,gbt_time_picksplit,EXECUTE
postgres,public,gbt_time_picksplit,EXECUTE
service_role,public,gbt_time_picksplit,EXECUTE
PUBLIC,public,gbt_time_same,EXECUTE
anon,public,gbt_time_same,EXECUTE
authenticated,public,gbt_time_same,EXECUTE
postgres,public,gbt_time_same,EXECUTE
service_role,public,gbt_time_same,EXECUTE
PUBLIC,public,gbt_time_union,EXECUTE
anon,public,gbt_time_union,EXECUTE
authenticated,public,gbt_time_union,EXECUTE
postgres,public,gbt_time_union,EXECUTE
service_role,public,gbt_time_union,EXECUTE
PUBLIC,public,gbt_timetz_compress,EXECUTE
anon,public,gbt_timetz_compress,EXECUTE
authenticated,public,gbt_timetz_compress,EXECUTE
postgres,public,gbt_timetz_compress,EXECUTE
service_role,public,gbt_timetz_compress,EXECUTE
PUBLIC,public,gbt_timetz_consistent,EXECUTE
anon,public,gbt_timetz_consistent,EXECUTE
authenticated,public,gbt_timetz_consistent,EXECUTE
postgres,public,gbt_timetz_consistent,EXECUTE
service_role,public,gbt_timetz_consistent,EXECUTE
PUBLIC,public,gbt_ts_compress,EXECUTE
anon,public,gbt_ts_compress,EXECUTE
authenticated,public,gbt_ts_compress,EXECUTE
postgres,public,gbt_ts_compress,EXECUTE
service_role,public,gbt_ts_compress,EXECUTE
PUBLIC,public,gbt_ts_consistent,EXECUTE
anon,public,gbt_ts_consistent,EXECUTE
authenticated,public,gbt_ts_consistent,EXECUTE
postgres,public,gbt_ts_consistent,EXECUTE
service_role,public,gbt_ts_consistent,EXECUTE
PUBLIC,public,gbt_ts_distance,EXECUTE
anon,public,gbt_ts_distance,EXECUTE
authenticated,public,gbt_ts_distance,EXECUTE
postgres,public,gbt_ts_distance,EXECUTE
service_role,public,gbt_ts_distance,EXECUTE
PUBLIC,public,gbt_ts_fetch,EXECUTE
anon,public,gbt_ts_fetch,EXECUTE
authenticated,public,gbt_ts_fetch,EXECUTE
postgres,public,gbt_ts_fetch,EXECUTE
service_role,public,gbt_ts_fetch,EXECUTE
PUBLIC,public,gbt_ts_penalty,EXECUTE
anon,public,gbt_ts_penalty,EXECUTE
authenticated,public,gbt_ts_penalty,EXECUTE
postgres,public,gbt_ts_penalty,EXECUTE
service_role,public,gbt_ts_penalty,EXECUTE
PUBLIC,public,gbt_ts_picksplit,EXECUTE
anon,public,gbt_ts_picksplit,EXECUTE
authenticated,public,gbt_ts_picksplit,EXECUTE
postgres,public,gbt_ts_picksplit,EXECUTE
service_role,public,gbt_ts_picksplit,EXECUTE
PUBLIC,public,gbt_ts_same,EXECUTE
anon,public,gbt_ts_same,EXECUTE
authenticated,public,gbt_ts_same,EXECUTE
postgres,public,gbt_ts_same,EXECUTE
service_role,public,gbt_ts_same,EXECUTE
PUBLIC,public,gbt_ts_union,EXECUTE
anon,public,gbt_ts_union,EXECUTE
authenticated,public,gbt_ts_union,EXECUTE
postgres,public,gbt_ts_union,EXECUTE
service_role,public,gbt_ts_union,EXECUTE
PUBLIC,public,gbt_tstz_compress,EXECUTE
anon,public,gbt_tstz_compress,EXECUTE
authenticated,public,gbt_tstz_compress,EXECUTE
postgres,public,gbt_tstz_compress,EXECUTE
service_role,public,gbt_tstz_compress,EXECUTE
PUBLIC,public,gbt_tstz_consistent,EXECUTE
anon,public,gbt_tstz_consistent,EXECUTE
authenticated,public,gbt_tstz_consistent,EXECUTE
postgres,public,gbt_tstz_consistent,EXECUTE
service_role,public,gbt_tstz_consistent,EXECUTE
PUBLIC,public,gbt_tstz_distance,EXECUTE
anon,public,gbt_tstz_distance,EXECUTE
authenticated,public,gbt_tstz_distance,EXECUTE
postgres,public,gbt_tstz_distance,EXECUTE
service_role,public,gbt_tstz_distance,EXECUTE
PUBLIC,public,gbt_uuid_compress,EXECUTE
anon,public,gbt_uuid_compress,EXECUTE
authenticated,public,gbt_uuid_compress,EXECUTE
postgres,public,gbt_uuid_compress,EXECUTE
service_role,public,gbt_uuid_compress,EXECUTE
PUBLIC,public,gbt_uuid_consistent,EXECUTE
anon,public,gbt_uuid_consistent,EXECUTE
authenticated,public,gbt_uuid_consistent,EXECUTE
postgres,public,gbt_uuid_consistent,EXECUTE
service_role,public,gbt_uuid_consistent,EXECUTE
PUBLIC,public,gbt_uuid_fetch,EXECUTE
anon,public,gbt_uuid_fetch,EXECUTE
authenticated,public,gbt_uuid_fetch,EXECUTE
postgres,public,gbt_uuid_fetch,EXECUTE
service_role,public,gbt_uuid_fetch,EXECUTE
PUBLIC,public,gbt_uuid_penalty,EXECUTE
anon,public,gbt_uuid_penalty,EXECUTE
authenticated,public,gbt_uuid_penalty,EXECUTE
postgres,public,gbt_uuid_penalty,EXECUTE
service_role,public,gbt_uuid_penalty,EXECUTE
PUBLIC,public,gbt_uuid_picksplit,EXECUTE
anon,public,gbt_uuid_picksplit,EXECUTE
authenticated,public,gbt_uuid_picksplit,EXECUTE
postgres,public,gbt_uuid_picksplit,EXECUTE
service_role,public,gbt_uuid_picksplit,EXECUTE
PUBLIC,public,gbt_uuid_same,EXECUTE
anon,public,gbt_uuid_same,EXECUTE
authenticated,public,gbt_uuid_same,EXECUTE
postgres,public,gbt_uuid_same,EXECUTE
service_role,public,gbt_uuid_same,EXECUTE
PUBLIC,public,gbt_uuid_union,EXECUTE
anon,public,gbt_uuid_union,EXECUTE
authenticated,public,gbt_uuid_union,EXECUTE
postgres,public,gbt_uuid_union,EXECUTE
service_role,public,gbt_uuid_union,EXECUTE
PUBLIC,public,gbt_var_decompress,EXECUTE
anon,public,gbt_var_decompress,EXECUTE
authenticated,public,gbt_var_decompress,EXECUTE
postgres,public,gbt_var_decompress,EXECUTE
service_role,public,gbt_var_decompress,EXECUTE
PUBLIC,public,gbt_var_fetch,EXECUTE
anon,public,gbt_var_fetch,EXECUTE
authenticated,public,gbt_var_fetch,EXECUTE
postgres,public,gbt_var_fetch,EXECUTE
service_role,public,gbt_var_fetch,EXECUTE
PUBLIC,public,gbtreekey16_in,EXECUTE
anon,public,gbtreekey16_in,EXECUTE
authenticated,public,gbtreekey16_in,EXECUTE
postgres,public,gbtreekey16_in,EXECUTE
service_role,public,gbtreekey16_in,EXECUTE
PUBLIC,public,gbtreekey16_out,EXECUTE
anon,public,gbtreekey16_out,EXECUTE
authenticated,public,gbtreekey16_out,EXECUTE
postgres,public,gbtreekey16_out,EXECUTE
service_role,public,gbtreekey16_out,EXECUTE
PUBLIC,public,gbtreekey2_in,EXECUTE
anon,public,gbtreekey2_in,EXECUTE
authenticated,public,gbtreekey2_in,EXECUTE
postgres,public,gbtreekey2_in,EXECUTE
service_role,public,gbtreekey2_in,EXECUTE
PUBLIC,public,gbtreekey2_out,EXECUTE
anon,public,gbtreekey2_out,EXECUTE
authenticated,public,gbtreekey2_out,EXECUTE
postgres,public,gbtreekey2_out,EXECUTE
service_role,public,gbtreekey2_out,EXECUTE
PUBLIC,public,gbtreekey32_in,EXECUTE
anon,public,gbtreekey32_in,EXECUTE
authenticated,public,gbtreekey32_in,EXECUTE
postgres,public,gbtreekey32_in,EXECUTE
service_role,public,gbtreekey32_in,EXECUTE
PUBLIC,public,gbtreekey32_out,EXECUTE
anon,public,gbtreekey32_out,EXECUTE
authenticated,public,gbtreekey32_out,EXECUTE
postgres,public,gbtreekey32_out,EXECUTE
service_role,public,gbtreekey32_out,EXECUTE
PUBLIC,public,gbtreekey4_in,EXECUTE
anon,public,gbtreekey4_in,EXECUTE
authenticated,public,gbtreekey4_in,EXECUTE
postgres,public,gbtreekey4_in,EXECUTE
service_role,public,gbtreekey4_in,EXECUTE
PUBLIC,public,gbtreekey4_out,EXECUTE
anon,public,gbtreekey4_out,EXECUTE
authenticated,public,gbtreekey4_out,EXECUTE
postgres,public,gbtreekey4_out,EXECUTE
service_role,public,gbtreekey4_out,EXECUTE
PUBLIC,public,gbtreekey8_in,EXECUTE
anon,public,gbtreekey8_in,EXECUTE
authenticated,public,gbtreekey8_in,EXECUTE
postgres,public,gbtreekey8_in,EXECUTE
service_role,public,gbtreekey8_in,EXECUTE
PUBLIC,public,gbtreekey8_out,EXECUTE
anon,public,gbtreekey8_out,EXECUTE
authenticated,public,gbtreekey8_out,EXECUTE
postgres,public,gbtreekey8_out,EXECUTE
service_role,public,gbtreekey8_out,EXECUTE
PUBLIC,public,gbtreekey_var_in,EXECUTE
anon,public,gbtreekey_var_in,EXECUTE
authenticated,public,gbtreekey_var_in,EXECUTE
postgres,public,gbtreekey_var_in,EXECUTE
service_role,public,gbtreekey_var_in,EXECUTE
PUBLIC,public,gbtreekey_var_out,EXECUTE
anon,public,gbtreekey_var_out,EXECUTE
authenticated,public,gbtreekey_var_out,EXECUTE
postgres,public,gbtreekey_var_out,EXECUTE
service_role,public,gbtreekey_var_out,EXECUTE
PUBLIC,public,generate_facture_from_mission,EXECUTE
anon,public,generate_facture_from_mission,EXECUTE
authenticated,public,generate_facture_from_mission,EXECUTE
postgres,public,generate_facture_from_mission,EXECUTE
service_role,public,generate_facture_from_mission,EXECUTE
PUBLIC,public,get_current_plan,EXECUTE
anon,public,get_current_plan,EXECUTE
authenticated,public,get_current_plan,EXECUTE
postgres,public,get_current_plan,EXECUTE
service_role,public,get_current_plan,EXECUTE
anon,public,get_entreprises_autorisees,EXECUTE
authenticated,public,get_entreprises_autorisees,EXECUTE
postgres,public,get_entreprises_autorisees,EXECUTE
service_role,public,get_entreprises_autorisees,EXECUTE
PUBLIC,public,get_mission_actors,EXECUTE
anon,public,get_mission_actors,EXECUTE
authenticated,public,get_mission_actors,EXECUTE
postgres,public,get_mission_actors,EXECUTE
service_role,public,get_mission_actors,EXECUTE
anon,public,get_ticket_detail_locataire,EXECUTE
authenticated,public,get_ticket_detail_locataire,EXECUTE
postgres,public,get_ticket_detail_locataire,EXECUTE
service_role,public,get_ticket_detail_locataire,EXECUTE
anon,public,get_ticket_detail_regie,EXECUTE
authenticated,public,get_ticket_detail_regie,EXECUTE
postgres,public,get_ticket_detail_regie,EXECUTE
service_role,public,get_ticket_detail_regie,EXECUTE
anon,public,get_tickets_dashboard_regie,EXECUTE
authenticated,public,get_tickets_dashboard_regie,EXECUTE
postgres,public,get_tickets_dashboard_regie,EXECUTE
service_role,public,get_tickets_dashboard_regie,EXECUTE
anon,public,get_tickets_list_regie,EXECUTE
authenticated,public,get_tickets_list_regie,EXECUTE
postgres,public,get_tickets_list_regie,EXECUTE
service_role,public,get_tickets_list_regie,EXECUTE
anon,public,get_tickets_locataire,EXECUTE
authenticated,public,get_tickets_locataire,EXECUTE
postgres,public,get_tickets_locataire,EXECUTE
service_role,public,get_tickets_locataire,EXECUTE
PUBLIC,public,get_user_regie_id,EXECUTE
anon,public,get_user_regie_id,EXECUTE
authenticated,public,get_user_regie_id,EXECUTE
postgres,public,get_user_regie_id,EXECUTE
service_role,public,get_user_regie_id,EXECUTE
PUBLIC,public,get_user_technicien_id,EXECUTE
anon,public,get_user_technicien_id,EXECUTE
authenticated,public,get_user_technicien_id,EXECUTE
postgres,public,get_user_technicien_id,EXECUTE
service_role,public,get_user_technicien_id,EXECUTE
PUBLIC,public,handle_updated_at,EXECUTE
anon,public,handle_updated_at,EXECUTE
authenticated,public,handle_updated_at,EXECUTE
postgres,public,handle_updated_at,EXECUTE
service_role,public,handle_updated_at,EXECUTE
PUBLIC,public,increment_mission_quota,EXECUTE
anon,public,increment_mission_quota,EXECUTE
authenticated,public,increment_mission_quota,EXECUTE
postgres,public,increment_mission_quota,EXECUTE
service_role,public,increment_mission_quota,EXECUTE
PUBLIC,public,increment_quota_on_mission,EXECUTE
anon,public,increment_quota_on_mission,EXECUTE
authenticated,public,increment_quota_on_mission,EXECUTE
postgres,public,increment_quota_on_mission,EXECUTE
service_role,public,increment_quota_on_mission,EXECUTE
PUBLIC,public,int2_dist,EXECUTE
anon,public,int2_dist,EXECUTE
authenticated,public,int2_dist,EXECUTE
postgres,public,int2_dist,EXECUTE
service_role,public,int2_dist,EXECUTE
PUBLIC,public,int4_dist,EXECUTE
anon,public,int4_dist,EXECUTE
authenticated,public,int4_dist,EXECUTE
postgres,public,int4_dist,EXECUTE
service_role,public,int4_dist,EXECUTE
PUBLIC,public,int8_dist,EXECUTE
anon,public,int8_dist,EXECUTE
authenticated,public,int8_dist,EXECUTE
postgres,public,int8_dist,EXECUTE
service_role,public,int8_dist,EXECUTE
PUBLIC,public,interval_dist,EXECUTE
anon,public,interval_dist,EXECUTE
authenticated,public,interval_dist,EXECUTE
postgres,public,interval_dist,EXECUTE
service_role,public,interval_dist,EXECUTE
PUBLIC,public,is_admin_jtec,EXECUTE
anon,public,is_admin_jtec,EXECUTE
authenticated,public,is_admin_jtec,EXECUTE
postgres,public,is_admin_jtec,EXECUTE
service_role,public,is_admin_jtec,EXECUTE
PUBLIC,public,is_user_entreprise_owner,EXECUTE
anon,public,is_user_entreprise_owner,EXECUTE
authenticated,public,is_user_entreprise_owner,EXECUTE
postgres,public,is_user_entreprise_owner,EXECUTE
service_role,public,is_user_entreprise_owner,EXECUTE
PUBLIC,public,jtec_debug_schema,EXECUTE
anon,public,jtec_debug_schema,EXECUTE
authenticated,public,jtec_debug_schema,EXECUTE
postgres,public,jtec_debug_schema,EXECUTE
service_role,public,jtec_debug_schema,EXECUTE
PUBLIC,public,jtec_insert_ticket_audit,EXECUTE
anon,public,jtec_insert_ticket_audit,EXECUTE
authenticated,public,jtec_insert_ticket_audit,EXECUTE
postgres,public,jtec_insert_ticket_audit,EXECUTE
service_role,public,jtec_insert_ticket_audit,EXECUTE
PUBLIC,public,jtec_test_insert_ticket,EXECUTE
anon,public,jtec_test_insert_ticket,EXECUTE
authenticated,public,jtec_test_insert_ticket,EXECUTE
postgres,public,jtec_test_insert_ticket,EXECUTE
service_role,public,jtec_test_insert_ticket,EXECUTE
anon,public,liberer_logement_locataire,EXECUTE
authenticated,public,liberer_logement_locataire,EXECUTE
postgres,public,liberer_logement_locataire,EXECUTE
service_role,public,liberer_logement_locataire,EXECUTE
PUBLIC,public,mark_notification_as_read,EXECUTE
anon,public,mark_notification_as_read,EXECUTE
authenticated,public,mark_notification_as_read,EXECUTE
postgres,public,mark_notification_as_read,EXECUTE
service_role,public,mark_notification_as_read,EXECUTE
PUBLIC,public,notify_facture_status_change,EXECUTE
anon,public,notify_facture_status_change,EXECUTE
authenticated,public,notify_facture_status_change,EXECUTE
postgres,public,notify_facture_status_change,EXECUTE
service_role,public,notify_facture_status_change,EXECUTE
PUBLIC,public,notify_mission_status_change,EXECUTE
anon,public,notify_mission_status_change,EXECUTE
authenticated,public,notify_mission_status_change,EXECUTE
postgres,public,notify_mission_status_change,EXECUTE
service_role,public,notify_mission_status_change,EXECUTE
PUBLIC,public,notify_mission_status_change_extended,EXECUTE
anon,public,notify_mission_status_change_extended,EXECUTE
authenticated,public,notify_mission_status_change_extended,EXECUTE
postgres,public,notify_mission_status_change_extended,EXECUTE
service_role,public,notify_mission_status_change_extended,EXECUTE
PUBLIC,public,notify_new_ticket,EXECUTE
anon,public,notify_new_ticket,EXECUTE
authenticated,public,notify_new_ticket,EXECUTE
postgres,public,notify_new_ticket,EXECUTE
service_role,public,notify_new_ticket,EXECUTE
PUBLIC,public,notify_technicien_assignment,EXECUTE
anon,public,notify_technicien_assignment,EXECUTE
authenticated,public,notify_technicien_assignment,EXECUTE
postgres,public,notify_technicien_assignment,EXECUTE
service_role,public,notify_technicien_assignment,EXECUTE
PUBLIC,public,oid_dist,EXECUTE
anon,public,oid_dist,EXECUTE
authenticated,public,oid_dist,EXECUTE
postgres,public,oid_dist,EXECUTE
service_role,public,oid_dist,EXECUTE
PUBLIC,public,prevent_role_self_escalation,EXECUTE
anon,public,prevent_role_self_escalation,EXECUTE
authenticated,public,prevent_role_self_escalation,EXECUTE
postgres,public,prevent_role_self_escalation,EXECUTE
service_role,public,prevent_role_self_escalation,EXECUTE
PUBLIC,public,refuser_agence,EXECUTE
anon,public,refuser_agence,EXECUTE
authenticated,public,refuser_agence,EXECUTE
postgres,public,refuser_agence,EXECUTE
service_role,public,refuser_agence,EXECUTE
PUBLIC,public,send_message,EXECUTE
anon,public,send_message,EXECUTE
authenticated,public,send_message,EXECUTE
postgres,public,send_message,EXECUTE
service_role,public,send_message,EXECUTE
PUBLIC,public,set_ticket_regie_id,EXECUTE
anon,public,set_ticket_regie_id,EXECUTE
authenticated,public,set_ticket_regie_id,EXECUTE
postgres,public,set_ticket_regie_id,EXECUTE
service_role,public,set_ticket_regie_id,EXECUTE
PUBLIC,public,start_mission,EXECUTE
anon,public,start_mission,EXECUTE
authenticated,public,start_mission,EXECUTE
postgres,public,start_mission,EXECUTE
service_role,public,start_mission,EXECUTE
PUBLIC,public,sync_ticket_statut_from_mission,EXECUTE
anon,public,sync_ticket_statut_from_mission,EXECUTE
authenticated,public,sync_ticket_statut_from_mission,EXECUTE
postgres,public,sync_ticket_statut_from_mission,EXECUTE
service_role,public,sync_ticket_statut_from_mission,EXECUTE
PUBLIC,public,ticket_has_mission,EXECUTE
anon,public,ticket_has_mission,EXECUTE
authenticated,public,ticket_has_mission,EXECUTE
postgres,public,ticket_has_mission,EXECUTE
service_role,public,ticket_has_mission,EXECUTE
PUBLIC,public,time_dist,EXECUTE
anon,public,time_dist,EXECUTE
authenticated,public,time_dist,EXECUTE
postgres,public,time_dist,EXECUTE
service_role,public,time_dist,EXECUTE
PUBLIC,public,toggle_entreprise_mode,EXECUTE
anon,public,toggle_entreprise_mode,EXECUTE
authenticated,public,toggle_entreprise_mode,EXECUTE
postgres,public,toggle_entreprise_mode,EXECUTE
service_role,public,toggle_entreprise_mode,EXECUTE
PUBLIC,public,ts_dist,EXECUTE
anon,public,ts_dist,EXECUTE
authenticated,public,ts_dist,EXECUTE
postgres,public,ts_dist,EXECUTE
service_role,public,ts_dist,EXECUTE
PUBLIC,public,tstz_dist,EXECUTE
anon,public,tstz_dist,EXECUTE
authenticated,public,tstz_dist,EXECUTE
postgres,public,tstz_dist,EXECUTE
service_role,public,tstz_dist,EXECUTE
PUBLIC,public,update_abonnement_updated_at,EXECUTE
anon,public,update_abonnement_updated_at,EXECUTE
authenticated,public,update_abonnement_updated_at,EXECUTE
postgres,public,update_abonnement_updated_at,EXECUTE
service_role,public,update_abonnement_updated_at,EXECUTE
anon,public,update_entreprise_mode_diffusion,EXECUTE
authenticated,public,update_entreprise_mode_diffusion,EXECUTE
postgres,public,update_entreprise_mode_diffusion,EXECUTE
service_role,public,update_entreprise_mode_diffusion,EXECUTE
PUBLIC,public,update_facture_status,EXECUTE
anon,public,update_facture_status,EXECUTE
authenticated,public,update_facture_status,EXECUTE
postgres,public,update_facture_status,EXECUTE
service_role,public,update_facture_status,EXECUTE
PUBLIC,public,update_mission_status,EXECUTE
anon,public,update_mission_status,EXECUTE
authenticated,public,update_mission_status,EXECUTE
postgres,public,update_mission_status,EXECUTE
service_role,public,update_mission_status,EXECUTE
PUBLIC,public,update_missions_updated_at,EXECUTE
anon,public,update_missions_updated_at,EXECUTE
authenticated,public,update_missions_updated_at,EXECUTE
postgres,public,update_missions_updated_at,EXECUTE
service_role,public,update_missions_updated_at,EXECUTE
PUBLIC,public,update_plan_updated_at,EXECUTE
anon,public,update_plan_updated_at,EXECUTE
authenticated,public,update_plan_updated_at,EXECUTE
postgres,public,update_plan_updated_at,EXECUTE
service_role,public,update_plan_updated_at,EXECUTE
PUBLIC,public,update_techniciens_updated_at,EXECUTE
anon,public,update_techniciens_updated_at,EXECUTE
authenticated,public,update_techniciens_updated_at,EXECUTE
postgres,public,update_techniciens_updated_at,EXECUTE
service_role,public,update_techniciens_updated_at,EXECUTE
anon,public,update_ticket_regie,EXECUTE
authenticated,public,update_ticket_regie,EXECUTE
postgres,public,update_ticket_regie,EXECUTE
service_role,public,update_ticket_regie,EXECUTE
PUBLIC,public,update_ticket_status,EXECUTE
anon,public,update_ticket_status,EXECUTE
authenticated,public,update_ticket_status,EXECUTE
postgres,public,update_ticket_status,EXECUTE
service_role,public,update_ticket_status,EXECUTE
PUBLIC,public,update_ticket_statut,EXECUTE
anon,public,update_ticket_statut,EXECUTE
authenticated,public,update_ticket_statut,EXECUTE
postgres,public,update_ticket_statut,EXECUTE
service_role,public,update_ticket_statut,EXECUTE
PUBLIC,public,validate_mission,EXECUTE
anon,public,validate_mission,EXECUTE
authenticated,public,validate_mission,EXECUTE
postgres,public,validate_mission,EXECUTE
service_role,public,validate_mission,EXECUTE
PUBLIC,public,valider_agence,EXECUTE
anon,public,valider_agence,EXECUTE
authenticated,public,valider_agence,EXECUTE
postgres,public,valider_agence,EXECUTE
service_role,public,valider_agence,EXECUTE
anon,public,valider_ticket_regie,EXECUTE
authenticated,public,valider_ticket_regie,EXECUTE
postgres,public,valider_ticket_regie,EXECUTE
service_role,public,valider_ticket_regie,EXECUTE
PUBLIC,realtime,apply_rls,EXECUTE
anon,realtime,apply_rls,EXECUTE
authenticated,realtime,apply_rls,EXECUTE
postgres,realtime,apply_rls,EXECUTE
service_role,realtime,apply_rls,EXECUTE
supabase_realtime_admin,realtime,apply_rls,EXECUTE
PUBLIC,realtime,broadcast_changes,EXECUTE
postgres,realtime,broadcast_changes,EXECUTE
PUBLIC,realtime,build_prepared_statement_sql,EXECUTE
anon,realtime,build_prepared_statement_sql,EXECUTE
authenticated,realtime,build_prepared_statement_sql,EXECUTE
postgres,realtime,build_prepared_statement_sql,EXECUTE
service_role,realtime,build_prepared_statement_sql,EXECUTE
supabase_realtime_admin,realtime,build_prepared_statement_sql,EXECUTE
PUBLIC,realtime,cast,EXECUTE
anon,realtime,cast,EXECUTE
authenticated,realtime,cast,EXECUTE
postgres,realtime,cast,EXECUTE
service_role,realtime,cast,EXECUTE
supabase_realtime_admin,realtime,cast,EXECUTE
PUBLIC,realtime,check_equality_op,EXECUTE
anon,realtime,check_equality_op,EXECUTE
authenticated,realtime,check_equality_op,EXECUTE
postgres,realtime,check_equality_op,EXECUTE
service_role,realtime,check_equality_op,EXECUTE
supabase_realtime_admin,realtime,check_equality_op,EXECUTE
PUBLIC,realtime,is_visible_through_filters,EXECUTE
anon,realtime,is_visible_through_filters,EXECUTE
authenticated,realtime,is_visible_through_filters,EXECUTE
postgres,realtime,is_visible_through_filters,EXECUTE
service_role,realtime,is_visible_through_filters,EXECUTE
supabase_realtime_admin,realtime,is_visible_through_filters,EXECUTE
PUBLIC,realtime,list_changes,EXECUTE
anon,realtime,list_changes,EXECUTE
authenticated,realtime,list_changes,EXECUTE
postgres,realtime,list_changes,EXECUTE
service_role,realtime,list_changes,EXECUTE
supabase_realtime_admin,realtime,list_changes,EXECUTE
PUBLIC,realtime,quote_wal2json,EXECUTE
anon,realtime,quote_wal2json,EXECUTE
authenticated,realtime,quote_wal2json,EXECUTE
postgres,realtime,quote_wal2json,EXECUTE
service_role,realtime,quote_wal2json,EXECUTE
supabase_realtime_admin,realtime,quote_wal2json,EXECUTE
PUBLIC,realtime,send,EXECUTE
postgres,realtime,send,EXECUTE
PUBLIC,realtime,subscription_check_filters,EXECUTE
anon,realtime,subscription_check_filters,EXECUTE
authenticated,realtime,subscription_check_filters,EXECUTE
postgres,realtime,subscription_check_filters,EXECUTE
service_role,realtime,subscription_check_filters,EXECUTE
supabase_realtime_admin,realtime,subscription_check_filters,EXECUTE
PUBLIC,realtime,to_regrole,EXECUTE
anon,realtime,to_regrole,EXECUTE
authenticated,realtime,to_regrole,EXECUTE
postgres,realtime,to_regrole,EXECUTE
service_role,realtime,to_regrole,EXECUTE
supabase_realtime_admin,realtime,to_regrole,EXECUTE
PUBLIC,realtime,topic,EXECUTE
dashboard_user,realtime,topic,EXECUTE
postgres,realtime,topic,EXECUTE
supabase_realtime_admin,realtime,topic,EXECUTE
PUBLIC,storage,add_prefixes,EXECUTE
PUBLIC,storage,can_insert_object,EXECUTE
PUBLIC,storage,delete_leaf_prefixes,EXECUTE
PUBLIC,storage,delete_prefix,EXECUTE
PUBLIC,storage,delete_prefix_hierarchy_trigger,EXECUTE
PUBLIC,storage,enforce_bucket_name_length,EXECUTE
PUBLIC,storage,extension,EXECUTE
PUBLIC,storage,filename,EXECUTE
PUBLIC,storage,foldername,EXECUTE
PUBLIC,storage,get_level,EXECUTE
PUBLIC,storage,get_prefix,EXECUTE
PUBLIC,storage,get_prefixes,EXECUTE
PUBLIC,storage,get_size_by_bucket,EXECUTE
PUBLIC,storage,list_multipart_uploads_with_delimiter,EXECUTE
PUBLIC,storage,list_objects_with_delimiter,EXECUTE
PUBLIC,storage,lock_top_prefixes,EXECUTE
PUBLIC,storage,objects_delete_cleanup,EXECUTE
PUBLIC,storage,objects_insert_prefix_trigger,EXECUTE
PUBLIC,storage,objects_update_cleanup,EXECUTE
PUBLIC,storage,objects_update_level_trigger,EXECUTE
PUBLIC,storage,objects_update_prefix_trigger,EXECUTE
PUBLIC,storage,operation,EXECUTE
PUBLIC,storage,prefixes_delete_cleanup,EXECUTE
PUBLIC,storage,prefixes_insert_trigger,EXECUTE
PUBLIC,storage,search,EXECUTE
PUBLIC,storage,search_legacy_v1,EXECUTE
PUBLIC,storage,search_v1_optimised,EXECUTE
PUBLIC,storage,search_v2,EXECUTE
PUBLIC,storage,update_updated_at_column,EXECUTE
postgres,vault,_crypto_aead_det_decrypt,EXECUTE
service_role,vault,_crypto_aead_det_decrypt,EXECUTE
postgres,vault,create_secret,EXECUTE
service_role,vault,create_secret,EXECUTE
postgres,vault,update_secret,EXECUTE
service_role,vault,update_secret,EXECUTE
